\\Bosch.com\DFsRB\DIV\VM\Engineering\EPS\CAE\ICN\scratch\MATFILES_WG_Alessio\100_DB_Matfiles_WormGear\CAE018147_RunIn_Geometry_Symmetry\model\10_Test_Zytel51EFB_T80_M125.zip
\\Bosch.com\DFsRB\DIV\VM\Engineering\EPS\CAE\ICN\scratch\MATFILES_WG_Alessio\100_DB_Matfiles_WormGear\CAE018147_RunIn_Geometry_Symmetry\model\11_Zytel02_A_60p61_T80_M125.zip
\\Bosch.com\DFsRB\DIV\VM\Engineering\EPS\CAE\ICN\scratch\MATFILES_WG_Alessio\100_DB_Matfiles_WormGear\CAE018147_RunIn_Geometry_Symmetry\model\12_Zytel02_A_60p53_T80_M0_LinEl.zip
\\Bosch.com\DFsRB\DIV\VM\Engineering\EPS\CAE\ICN\scratch\MATFILES_WG_Alessio\100_DB_Matfiles_WormGear\CAE018147_RunIn_Geometry_Symmetry\model\13_Zytel02_A_60p55_T80_M0_LinEl.zip
\\Bosch.com\DFsRB\DIV\VM\Engineering\EPS\CAE\ICN\scratch\MATFILES_WG_Alessio\100_DB_Matfiles_WormGear\CAE018147_RunIn_Geometry_Symmetry\model\14_Zytel02_A_60p58_T80_M0_LinEl.zip
\\Bosch.com\DFsRB\DIV\VM\Engineering\EPS\CAE\ICN\scratch\MATFILES_WG_Alessio\100_DB_Matfiles_WormGear\CAE019016_MY25_Globoid_Loop1s\model\11_Achsabstand_60P61.zip
\\Bosch.com\DFsRB\DIV\VM\Engineering\EPS\CAE\ICN\scratch\MATFILES_WG_Alessio\100_DB_Matfiles_WormGear\CAE019016_MY25_Globoid_Loop1s\model\12_Achsabstand_60P71.zip
\\Bosch.com\DFsRB\DIV\VM\Engineering\EPS\CAE\ICN\scratch\MATFILES_WG_Alessio\100_DB_Matfiles_WormGear\CAE019468_WormGear_MCV_Loop2\model\OLD_MCV_Loop1.zip
\\Bosch.com\DFsRB\DIV\VM\Engineering\EPS\CAE\ICN\scratch\MATFILES_WG_Alessio\100_DB_Matfiles_WormGear\CAE019468_WormGear_MCV_Loop2\model\OLD_MCV_Loop1s.zip
\\Bosch.com\DFsRB\DIV\VM\Engineering\EPS\CAE\ICN\scratch\MATFILES_WG_Alessio\100_DB_Matfiles_WormGear\CAE019526_i25_MY25_Globoid_Loop1s\model\OK_MY25_Globoid_Zytel02_T23_M140_Auswertung.zip
\\Bosch.com\DFsRB\DIV\VM\Engineering\EPS\CAE\ICN\scratch\MATFILES_WG_Alessio\100_DB_Matfiles_WormGear\CAE021228_SN_PLT_SbW\model\10_MaxPress_T23_M3p89_ElPl.zip
\\Bosch.com\DFsRB\DIV\VM\Engineering\EPS\CAE\ICN\scratch\MATFILES_WG_Alessio\100_DB_Matfiles_WormGear\CAE021228_SN_PLT_SbW\model\11_MaxPress_T80_M3p89_ElPl.zip
\\Bosch.com\DFsRB\DIV\VM\Engineering\EPS\CAE\ICN\scratch\MATFILES_WG_Alessio\100_DB_Matfiles_WormGear\CAE021228_SN_PLT_SbW\model\12_MaxPress_T80_M4p67_ElPl.zip
\\Bosch.com\DFsRB\DIV\VM\Engineering\EPS\CAE\ICN\scratch\MATFILES_WG_Alessio\100_DB_Matfiles_WormGear\CAE021228_SN_PLT_SbW\model\13_MaxPress_T80_M3p11_ElPl.zip
\\Bosch.com\DFsRB\DIV\VM\Engineering\EPS\CAE\ICN\scratch\MATFILES_WG_Alessio\100_DB_Matfiles_WormGear\CAE021228_SN_PLT_SbW\model\20_Nominal_T23_4p67_ElPl.zip
\\Bosch.com\DFsRB\DIV\VM\Engineering\EPS\CAE\ICN\scratch\MATFILES_WG_Alessio\100_DB_Matfiles_WormGear\CAE021228_SN_PLT_SbW\model\21_Nominal_T80_4p67_ElPl.zip
\\Bosch.com\DFsRB\DIV\VM\Engineering\EPS\CAE\ICN\scratch\MATFILES_WG_Alessio\100_DB_Matfiles_WormGear\CAE021228_SN_PLT_SbW\model\22_Nominal_T23_3p89_ElPl.zip
\\Bosch.com\DFsRB\DIV\VM\Engineering\EPS\CAE\ICN\scratch\MATFILES_WG_Alessio\100_DB_Matfiles_WormGear\CAE021228_SN_PLT_SbW\model\23_Nominal_T80_3p89_ElPl.zip
\\Bosch.com\DFsRB\DIV\VM\Engineering\EPS\CAE\ICN\scratch\MATFILES_WG_Alessio\100_DB_Matfiles_WormGear\CAE021228_SN_PLT_SbW\model\24_Nominal_T23_3p11_ElPl.zip
\\Bosch.com\DFsRB\DIV\VM\Engineering\EPS\CAE\ICN\scratch\MATFILES_WG_Alessio\100_DB_Matfiles_WormGear\CAE021228_SN_PLT_SbW\model\25_Nominal_T80_3p11_ElPl.zip
\\Bosch.com\DFsRB\DIV\VM\Engineering\EPS\CAE\ICN\scratch\MATFILES_WG_Alessio\100_DB_Matfiles_WormGear\CAE021228_SN_PLT_SbW\model\30_MaxBacklash_T80_M4p67.zip
\\Bosch.com\DFsRB\DIV\VM\Engineering\EPS\CAE\ICN\scratch\MATFILES_WG_Alessio\100_DB_Matfiles_WormGear\CAE023084_GenE_LCV_I22_I23\model\LCV_New_i22_Zytel_T23_M150.zip
\\Bosch.com\DFsRB\DIV\VM\Engineering\EPS\CAE\ICN\scratch\MATFILES_WG_Alessio\100_DB_Matfiles_WormGear\CAE023084_GenE_LCV_I22_I23\model\LCV_New_i22_Zytel_T80_M150.zip
\\Bosch.com\DFsRB\DIV\VM\Engineering\EPS\CAE\ICN\scratch\MATFILES_WG_Alessio\100_DB_Matfiles_WormGear\CAE023084_GenE_LCV_I22_I23\model\LCV_New_i23_Zytel_T23_M150.zip
\\Bosch.com\DFsRB\DIV\VM\Engineering\EPS\CAE\ICN\scratch\MATFILES_WG_Alessio\100_DB_Matfiles_WormGear\CAE023084_GenE_LCV_I22_I23\model\LCV_New_i23_Zytel_T80_M150.zip
\\Bosch.com\DFsRB\DIV\VM\Engineering\EPS\CAE\ICN\scratch\MATFILES_WG_Alessio\100_DB_Matfiles_WormGear\CAE022763_Servotwin_GenE_LCV_PA66_i21\model\11_LCV_NewV4_Zytel01_T23_M150.zip
\\Bosch.com\DFsRB\DIV\VM\Engineering\EPS\CAE\ICN\scratch\MATFILES_WG_Alessio\100_DB_Matfiles_WormGear\CAE022763_Servotwin_GenE_LCV_PA66_i21\model\12_LCV_NewV4_Zytel01_T80_M150.zip
\\Bosch.com\DFsRB\DIV\VM\Engineering\EPS\CAE\ICN\scratch\MATFILES_WG_Alessio\100_DB_Matfiles_WormGear\CAE022763_Servotwin_GenE_LCV_PA66_i21\model\13_LCV_NewV5_Zytel01_T23_M150.zip
\\Bosch.com\DFsRB\DIV\VM\Engineering\EPS\CAE\ICN\scratch\MATFILES_WG_Alessio\100_DB_Matfiles_WormGear\CAE022763_Servotwin_GenE_LCV_PA66_i21\model\14_LCV_NewV5_Zytel01_T80_M150.zip
\\Bosch.com\DFsRB\DIV\VM\Engineering\EPS\CAE\ICN\scratch\MATFILES_WG_Alessio\100_DB_Matfiles_WormGear\CAE022763_Servotwin_GenE_LCV_PA66_i21\model\21_LCV_NewV4_Corr_Zytel01_T23_M150.zip
\\Bosch.com\DFsRB\DIV\VM\Engineering\EPS\CAE\ICN\scratch\MATFILES_WG_Alessio\100_DB_Matfiles_WormGear\CAE022763_Servotwin_GenE_LCV_PA66_i21\model\22_LCV_NewV4_Corr_Zytel01_T80_M150.zip
\\Bosch.com\DFsRB\DIV\VM\Engineering\EPS\CAE\ICN\scratch\MATFILES_WG_Alessio\100_DB_Matfiles_WormGear\CAE022763_Servotwin_GenE_LCV_PA66_i21\model\23_LCV_NewV5_Corr_Zytel01_T23_M150.zip
\\Bosch.com\DFsRB\DIV\VM\Engineering\EPS\CAE\ICN\scratch\MATFILES_WG_Alessio\100_DB_Matfiles_WormGear\CAE022763_Servotwin_GenE_LCV_PA66_i21\model\24_LCV_NewV5_Corr_Zytel01_T80_M150.zip
\\Bosch.com\DFsRB\DIV\VM\Engineering\EPS\CAE\ICN\scratch\MATFILES_WG_Alessio\100_DB_Matfiles_WormGear\CAE022763_Servotwin_GenE_LCV_PA66_i21\model\25_LCV_newV4_Thick_Zytel01_T23_M150.zip
\\Bosch.com\DFsRB\DIV\VM\Engineering\EPS\CAE\ICN\scratch\MATFILES_WG_Alessio\100_DB_Matfiles_WormGear\CAE022763_Servotwin_GenE_LCV_PA66_i21\model\26_LCV_newV4_Thick_Zytel01_T80_M150.zip
\\Bosch.com\DFsRB\DIV\VM\Engineering\EPS\CAE\ICN\scratch\MATFILES_WG_Alessio\100_DB_Matfiles_WormGear\CAE022763_Servotwin_GenE_LCV_PA66_i21\model\31_LCV_NewV8_Zytel01_T23_M150.zip
\\Bosch.com\DFsRB\DIV\VM\Engineering\EPS\CAE\ICN\scratch\MATFILES_WG_Alessio\100_DB_Matfiles_WormGear\CAE022763_Servotwin_GenE_LCV_PA66_i21\model\32_LCV_NewV8_Zytel01_T80_M150.zip
\\Bosch.com\DFsRB\DIV\VM\Engineering\EPS\CAE\ICN\scratch\MATFILES_WG_Alessio\100_DB_Matfiles_WormGear\CAE022763_Servotwin_GenE_LCV_PA66_i21\model\33_LCV_NewV8_18p5mm_T23_M150.zip
\\Bosch.com\DFsRB\DIV\VM\Engineering\EPS\CAE\ICN\scratch\MATFILES_WG_Alessio\100_DB_Matfiles_WormGear\CAE022763_Servotwin_GenE_LCV_PA66_i21\model\34_LCV_NewV8_18p5mm_T80_M150.zip
\\Bosch.com\DFsRB\DIV\VM\Engineering\EPS\CAE\ICN\scratch\MATFILES_WG_Alessio\100_DB_Matfiles_WormGear\CAE022763_Servotwin_GenE_LCV_PA66_i21\model\35_LCV_NewV8B_18p5mm_T23_M150.zip
\\Bosch.com\DFsRB\DIV\VM\Engineering\EPS\CAE\ICN\scratch\MATFILES_WG_Alessio\100_DB_Matfiles_WormGear\CAE022763_Servotwin_GenE_LCV_PA66_i21\model\36_LCV_NewV8B_18p5mm_T80_M150.zip
\\Bosch.com\DFsRB\DIV\VM\Engineering\EPS\CAE\ICN\scratch\MATFILES_WG_Alessio\100_DB_Matfiles_WormGear\CAE023682_I20_POM_VDA_from_Measurements\model\I20_Opt_T80_M100_Anom.zip
\\Bosch.com\DFsRB\DIV\VM\Engineering\EPS\CAE\ICN\scratch\MATFILES_WG_Alessio\100_DB_Matfiles_WormGear\CAE023682_I20_POM_VDA_from_Measurements\model\VDA_Corr_T80_M100_aNom.zip
\\Bosch.com\DFsRB\DIV\VM\Engineering\EPS\CAE\ICN\scratch\MATFILES_WG_Alessio\100_DB_Matfiles_WormGear\CAE023682_I20_POM_VDA_from_Measurements\model\VDA_T80_M100_a51p295.zip
\\Bosch.com\DFsRB\DIV\VM\Engineering\EPS\CAE\ICN\scratch\MATFILES_WG_Alessio\100_DB_Matfiles_WormGear\CAE023682_I20_POM_VDA_from_Measurements\model\VDA_T80_M100_aNom.zip
\\Bosch.com\DFsRB\DIV\VM\Engineering\EPS\CAE\ICN\scratch\MATFILES_WG_Alessio\100_DB_Matfiles_WormGear\CAE023936_FurtherCalc_i20_POM\model\IMS_IST_T80_M100_A51p145.zip
\\Bosch.com\DFsRB\DIV\VM\Engineering\EPS\CAE\ICN\scratch\MATFILES_WG_Alessio\100_DB_Matfiles_WormGear\CAE023936_FurtherCalc_i20_POM\model\IMS_IST_T80_M100_Anom.zip
\\Bosch.com\DFsRB\DIV\VM\Engineering\EPS\CAE\ICN\scratch\MATFILES_WG_Alessio\100_DB_Matfiles_WormGear\CAE023936_FurtherCalc_i20_POM\model\IMS_Soll_IntWaP_T80_M100_ANom.zip
\\Bosch.com\DFsRB\DIV\VM\Engineering\EPS\CAE\ICN\scratch\MATFILES_WG_Alessio\100_DB_Matfiles_WormGear\CAE023936_FurtherCalc_i20_POM\model\VDA_T80_M100_A51p315.zip
\\Bosch.com\DFsRB\DIV\VM\Engineering\EPS\CAE\ICN\scratch\MATFILES_WG_Alessio\100_DB_Matfiles_WormGear\CAE023936_FurtherCalc_i20_POM\model\VDA_T80_M100_A51p375_TempLoad.zip
\\Bosch.com\DFsRB\DIV\VM\Engineering\EPS\CAE\ICN\scratch\MATFILES_WG_Alessio\100_DB_Matfiles_WormGear\CAE023956_i34_VariableWorm_Loop1\model\11_i34_TailoredWorm_T80_M276.zip
\\Bosch.com\DFsRB\DIV\VM\Engineering\EPS\CAE\ICN\scratch\MATFILES_WG_Alessio\100_DB_Matfiles_WormGear\CAE023956_i34_VariableWorm_Loop1\model\12_i34_TailoredWorm_T23_M276.zip
\\Bosch.com\DFsRB\DIV\VM\Engineering\EPS\CAE\ICN\scratch\MATFILES_WG_Alessio\100_DB_Matfiles_WormGear\CAE023956_i34_VariableWorm_Loop1\model\13_i34_TailoredWorm_T-40_M276.zip
\\Bosch.com\DFsRB\DIV\VM\Engineering\EPS\CAE\ICN\scratch\MATFILES_WG_Alessio\100_DB_Matfiles_WormGear\CAE023956_i34_VariableWorm_Loop1\model\i34_Globoid_T23_M276.zip
\\Bosch.com\DFsRB\DIV\VM\Engineering\EPS\CAE\ICN\scratch\MATFILES_WG_Alessio\100_DB_Matfiles_WormGear\CAE024341_GenE_HCV_Tailored_Loop2\model\11_Loop2_T80_M276.zip
\\Bosch.com\DFsRB\DIV\VM\Engineering\EPS\CAE\ICN\scratch\MATFILES_WG_Alessio\100_DB_Matfiles_WormGear\CAE024341_GenE_HCV_Tailored_Loop2\model\12_Loop2_T23_M276.zip
\\Bosch.com\DFsRB\DIV\VM\Engineering\EPS\CAE\ICN\scratch\MATFILES_WG_Alessio\100_DB_Matfiles_WormGear\CAE024341_GenE_HCV_Tailored_Loop2\model\13_Loop2_T-40_M276.zip
\\Bosch.com\DFsRB\DIV\VM\Engineering\EPS\CAE\ICN\scratch\MATFILES_WG_Alessio\100_DB_Matfiles_WormGear\CAE024341_GenE_HCV_Tailored_Loop2\model\21_Loop2_14deg_T80_M276.zip
\\Bosch.com\DFsRB\DIV\VM\Engineering\EPS\CAE\ICN\scratch\MATFILES_WG_Alessio\100_DB_Matfiles_WormGear\CAE024341_GenE_HCV_Tailored_Loop2\model\22_Loop2_14deg_T23_M276.zip
\\Bosch.com\DFsRB\DIV\VM\Engineering\EPS\CAE\ICN\scratch\MATFILES_WG_Alessio\100_DB_Matfiles_WormGear\CAE024341_GenE_HCV_Tailored_Loop2\model\23_Loop2_14deg_T-40_M276.zip
\\Bosch.com\DFsRB\DIV\VM\Engineering\EPS\CAE\ICN\scratch\MATFILES_WG_Alessio\100_DB_Matfiles_WormGear\CAE024341_GenE_HCV_Tailored_Loop2\model\31_Loop2_16deg_T80_M276.zip
\\Bosch.com\DFsRB\DIV\VM\Engineering\EPS\CAE\ICN\scratch\MATFILES_WG_Alessio\100_DB_Matfiles_WormGear\CAE024341_GenE_HCV_Tailored_Loop2\model\32_Loop2_16deg_T23_M276.zip
\\Bosch.com\DFsRB\DIV\VM\Engineering\EPS\CAE\ICN\scratch\MATFILES_WG_Alessio\100_DB_Matfiles_WormGear\CAE024341_GenE_HCV_Tailored_Loop2\model\33_Loop2_16deg_T-40_M276.zip
\\Bosch.com\DFsRB\DIV\VM\Engineering\EPS\CAE\ICN\scratch\MATFILES_WG_Alessio\100_DB_Matfiles_WormGear\CAE024341_GenE_HCV_Tailored_Loop2\model\41_WormCylindric_T80_M276.zip
\\Bosch.com\DFsRB\DIV\VM\Engineering\EPS\CAE\ICN\scratch\MATFILES_WG_Alessio\100_DB_Matfiles_WormGear\CAE024341_GenE_HCV_Tailored_Loop2\model\42_WormCylindric_T23_M276.zip
\\Bosch.com\DFsRB\DIV\VM\Engineering\EPS\CAE\ICN\scratch\MATFILES_WG_Alessio\100_DB_Matfiles_WormGear\CAE024341_GenE_HCV_Tailored_Loop2\model\43_WormCylindric_T-40_M276.zip
\\Bosch.com\DFsRB\DIV\VM\Engineering\EPS\CAE\ICN\scratch\MATFILES_WG_Alessio\100_DB_Matfiles_WormGear\CAE024281_i20_Big_V3_VariableTooth\model\V1_T80_M-100.zip
\\Bosch.com\DFsRB\DIV\VM\Engineering\EPS\CAE\ICN\scratch\MATFILES_WG_Alessio\100_DB_Matfiles_WormGear\CAE024281_i20_Big_V3_VariableTooth\model\V1_T80_M100.zip
\\Bosch.com\DFsRB\DIV\VM\Engineering\EPS\CAE\ICN\scratch\MATFILES_WG_Alessio\100_DB_Matfiles_WormGear\CAE024281_i20_Big_V3_VariableTooth\model\V3_T80_M-100.zip
\\Bosch.com\DFsRB\DIV\VM\Engineering\EPS\CAE\ICN\scratch\MATFILES_WG_Alessio\100_DB_Matfiles_WormGear\CAE024281_i20_Big_V3_VariableTooth\model\V3_T80_M100.zip
\\Bosch.com\DFsRB\DIV\VM\Engineering\EPS\CAE\ICN\scratch\MATFILES_WG_Alessio\100_DB_Matfiles_WormGear\CAE024557_I20_Big_V3_VDA\model\10_i20_BIG_V3_VDA_Anom_T80_M100.zip
\\Bosch.com\DFsRB\DIV\VM\Engineering\EPS\CAE\ICN\scratch\MATFILES_WG_Alessio\100_DB_Matfiles_WormGear\CAE024557_I20_Big_V3_VDA\model\11_i20_BIG_V3_VDA_A52p325_T80_M100.zip
\\Bosch.com\DFsRB\DIV\VM\Engineering\EPS\CAE\ICN\scratch\MATFILES_WG_Alessio\100_DB_Matfiles_WormGear\CAE024557_I20_Big_V3_VDA\model\12_i20_BIG_V3_VDA_A52p375_T80_M100.zip
\\Bosch.com\DFsRB\DIV\VM\Engineering\EPS\CAE\ICN\scratch\MATFILES_WG_Alessio\100_DB_Matfiles_WormGear\CAE024557_I20_Big_V3_VDA\model\13_i20_BIG_V3_VDA_A52p425_T80_M100.zip
\\Bosch.com\DFsRB\DIV\VM\Engineering\EPS\CAE\ICN\scratch\MATFILES_WG_Alessio\100_DB_Matfiles_WormGear\CAE024557_I20_Big_V3_VDA\model\14_i20_BIG_V3_VDA_A52p525_T80_M100.zip
\\Bosch.com\DFsRB\DIV\VM\Engineering\EPS\CAE\ICN\scratch\MATFILES_WG_Alessio\100_DB_Matfiles_WormGear\CAE024557_I20_Big_V3_VDA\model\21_i20_BIG_V3_VDA_A52p325_T80_M120.zip
\\Bosch.com\DFsRB\DIV\VM\Engineering\EPS\CAE\ICN\scratch\MATFILES_WG_Alessio\100_DB_Matfiles_WormGear\CAE024760_I20_MRA2_TipRelief_vTRR\model\10_i20_MRA2_TipRel_Anom_T80_M100.zip
\\Bosch.com\DFsRB\DIV\VM\Engineering\EPS\CAE\ICN\scratch\MATFILES_WG_Alessio\100_DB_Matfiles_WormGear\CAE024760_I20_MRA2_TipRelief_vTRR\model\11_i20_MRA2_TipRel_vTRR_V1_Anom_T80_M100.zip
\\Bosch.com\DFsRB\DIV\VM\Engineering\EPS\CAE\ICN\scratch\MATFILES_WG_Alessio\100_DB_Matfiles_WormGear\CAE024760_I20_MRA2_TipRelief_vTRR\model\12_i20_MRA2_TipRel_vTRR_V1_Anom_T80_M-100.zip
\\Bosch.com\DFsRB\DIV\VM\Engineering\EPS\CAE\ICN\scratch\MATFILES_WG_Alessio\100_DB_Matfiles_WormGear\CAE024760_I20_MRA2_TipRelief_vTRR\model\i20_MRA2_TipRel_vTRR_v3corr_Anom_T80_M-100.zip
\\Bosch.com\DFsRB\DIV\VM\Engineering\EPS\CAE\ICN\scratch\MATFILES_WG_Alessio\100_DB_Matfiles_WormGear\CAE024760_I20_MRA2_TipRelief_vTRR\model\i20_MRA2_TipRel_vTRR_v3corr_Anom_T80_M100.zip
\\Bosch.com\DFsRB\DIV\VM\Engineering\EPS\CAE\ICN\scratch\MATFILES_WG_Alessio\100_DB_Matfiles_WormGear\CAE024760_I20_MRA2_TipRelief_vTRR\model\i20_MRA2_TipRel_vTRR_v4corr_Anom_T80_M-100.zip
\\Bosch.com\DFsRB\DIV\VM\Engineering\EPS\CAE\ICN\scratch\MATFILES_WG_Alessio\100_DB_Matfiles_WormGear\CAE024760_I20_MRA2_TipRelief_vTRR\model\i20_MRA2_TipRel_vTRR_v4corr_Anom_T80_M100.zip
\\Bosch.com\DFsRB\DIV\VM\Engineering\EPS\CAE\ICN\scratch\MATFILES_WG_Alessio\100_DB_Matfiles_WormGear\CAE024748_i34_SmallV3_Loop4\model\11_i34Small_Loop4_T23_M276.zip
\\Bosch.com\DFsRB\DIV\VM\Engineering\EPS\CAE\ICN\scratch\MATFILES_WG_Alessio\100_DB_Matfiles_WormGear\CAE024748_i34_SmallV3_Loop4\model\12_i34Small_Loop4_T80_M276.zip
\\Bosch.com\DFsRB\DIV\VM\Engineering\EPS\CAE\ICN\scratch\MATFILES_WG_Alessio\100_DB_Matfiles_WormGear\CAE024748_i34_SmallV3_Loop4\model\13_Loop4_R08_T80_M276.zip
\\Bosch.com\DFsRB\DIV\VM\Engineering\EPS\CAE\ICN\scratch\MATFILES_WG_Alessio\100_DB_Matfiles_WormGear\CAE024748_i34_SmallV3_Loop4\model\14_i34Small_Loop4_Modified_T80_M276.zip
\\Bosch.com\DFsRB\DIV\VM\Engineering\EPS\CAE\ICN\scratch\MATFILES_WG_Alessio\100_DB_Matfiles_WormGear\CAE025080_I20_BIG_Delrin_Modifications\model\i20Big_V3_vTRR_1700BN_VDA_A52p225_T80_M-100_Tet4.zip
\\Bosch.com\DFsRB\DIV\VM\Engineering\EPS\CAE\ICN\scratch\MATFILES_WG_Alessio\100_DB_Matfiles_WormGear\CAE025080_I20_BIG_Delrin_Modifications\model\i20Big_V3_vTRR_1700BN_VDA_A52p225_T80_M100_Tet4.zip
\\Bosch.com\DFsRB\DIV\VM\Engineering\EPS\CAE\ICN\scratch\MATFILES_WG_Alessio\100_DB_Matfiles_WormGear\CAE025080_I20_BIG_Delrin_Modifications\model\i20Big_V3_vTRR_51HSE_VDA_A52p225_T80_M-100_Tet4.zip
\\Bosch.com\DFsRB\DIV\VM\Engineering\EPS\CAE\ICN\scratch\MATFILES_WG_Alessio\100_DB_Matfiles_WormGear\CAE025080_I20_BIG_Delrin_Modifications\model\I20Big_V3_vTRR_51HSE_VDA_A52p225_T80_M100.zip
\\Bosch.com\DFsRB\DIV\VM\Engineering\EPS\CAE\ICN\scratch\MATFILES_WG_Alessio\100_DB_Matfiles_WormGear\CAE025080_I20_BIG_Delrin_Modifications\model\i20Big_V3_vTRR_51HSE_VDA_A52p225_T80_M100_Tet4.zip
\\Bosch.com\DFsRB\DIV\VM\Engineering\EPS\CAE\ICN\scratch\MATFILES_WG_Alessio\100_DB_Matfiles_WormGear\CAE025080_I20_BIG_Delrin_Modifications\model\Recalc_i20Big_vTRR_VDA_T80_M110.zip
\\Bosch.com\DFsRB\DIV\VM\Engineering\EPS\CAE\ICN\scratch\MATFILES_WG_Alessio\100_DB_Matfiles_WormGear\CAE025096_i34Small_FinalGeo\model\EPScv_I34_Small_Final_Loop4_T23_M276.zip
\\Bosch.com\DFsRB\DIV\VM\Engineering\EPS\CAE\ICN\scratch\MATFILES_WG_Alessio\100_DB_Matfiles_WormGear\CAE025096_i34Small_FinalGeo\model\EPScv_I34_Small_Final_Loop4_T23_M282.zip
\\Bosch.com\DFsRB\DIV\VM\Engineering\EPS\CAE\ICN\scratch\MATFILES_WG_Alessio\100_DB_Matfiles_WormGear\CAE025096_i34Small_FinalGeo\model\EPScv_I34_Small_Final_Loop4_T80_M276.zip
\\Bosch.com\DFsRB\DIV\VM\Engineering\EPS\CAE\ICN\scratch\MATFILES_WG_Alessio\100_DB_Matfiles_WormGear\CAE025096_i34Small_FinalGeo\model\EPScv_I34_Small_Final_Loop4_T80_M282.zip
\\Bosch.com\DFsRB\DIV\VM\Engineering\EPS\CAE\ICN\scratch\MATFILES_WG_Alessio\100_DB_Matfiles_WormGear\CAE025402_i20_89p853mm_vTRR_Circ_0p4\model\10_i20_90_x1p33_vR_CircV1_T80_M100.zip
\\Bosch.com\DFsRB\DIV\VM\Engineering\EPS\CAE\ICN\scratch\MATFILES_WG_Alessio\100_DB_Matfiles_WormGear\CAE025402_i20_89p853mm_vTRR_Circ_0p4\model\11_i20_90_x1p33_vR_CircV1_T80_M-100.zip
\\Bosch.com\DFsRB\DIV\VM\Engineering\EPS\CAE\ICN\scratch\MATFILES_WG_Alessio\100_DB_Matfiles_WormGear\CAE025402_i20_89p853mm_vTRR_Circ_0p4\model\20_i20_90_x1p33_vR_CircV1_0p4_T80_M100.zip
\\Bosch.com\DFsRB\DIV\VM\Engineering\EPS\CAE\ICN\scratch\MATFILES_WG_Alessio\100_DB_Matfiles_WormGear\CAE025402_i20_89p853mm_vTRR_Circ_0p4\model\21_i20_90_x1p33_vR_CircV1_0p4_T80_M-100.zip
\\Bosch.com\DFsRB\DIV\VM\Engineering\EPS\CAE\ICN\scratch\MATFILES_WG_Alessio\100_DB_Matfiles_WormGear\CAE025421_i20_89p853mm_vTRR_WormMod\model\i20_Small_WormTEF_x1p33_circV1_T80_M-100.zip
\\Bosch.com\DFsRB\DIV\VM\Engineering\EPS\CAE\ICN\scratch\MATFILES_WG_Alessio\100_DB_Matfiles_WormGear\CAE025421_i20_89p853mm_vTRR_WormMod\model\i20_Small_WormTEF_x1p33_circV1_T80_M100.zip
\\Bosch.com\DFsRB\DIV\VM\Engineering\EPS\CAE\ICN\scratch\MATFILES_WG_Alessio\100_DB_Matfiles_WormGear\CAE025594_I20_Big_vTRR_Optimization\model\10_i20_Big_V3_vTRR_Circ_0p4_T80_M100.zip
\\Bosch.com\DFsRB\DIV\VM\Engineering\EPS\CAE\ICN\scratch\MATFILES_WG_Alessio\100_DB_Matfiles_WormGear\CAE025594_I20_Big_vTRR_Optimization\model\11_i20_Big_V3_vTRR_Circ_0p4_T80_M-100.zip
\\Bosch.com\DFsRB\DIV\VM\Engineering\EPS\CAE\ICN\scratch\MATFILES_WG_Alessio\100_DB_Matfiles_WormGear\CAE025594_I20_Big_vTRR_Optimization\model\20_i20_Big_V3_vTRR_Circ_FullRound_0p4_T80_M100.zip
\\Bosch.com\DFsRB\DIV\VM\Engineering\EPS\CAE\ICN\scratch\MATFILES_WG_Alessio\100_DB_Matfiles_WormGear\CAE025594_I20_Big_vTRR_Optimization\model\21_i20_Big_V3_vTRR_Circ_FullRound_0p4_T80_M-100.zip
\\Bosch.com\DFsRB\DIV\VM\Engineering\EPS\CAE\ICN\scratch\MATFILES_WG_Alessio\100_DB_Matfiles_WormGear\CAE025594_I20_Big_vTRR_Optimization\model\30_i20_Big_V3_vTRR_Circ_FullRound_0p25_T80_M100.zip
\\Bosch.com\DFsRB\DIV\VM\Engineering\EPS\CAE\ICN\scratch\MATFILES_WG_Alessio\100_DB_Matfiles_WormGear\CAE025594_I20_Big_vTRR_Optimization\model\31_i20_Big_V3_vTRR_Circ_FullRound_0p25_T80_M-100.zip
\\Bosch.com\DFsRB\DIV\VM\Engineering\EPS\CAE\ICN\scratch\MATFILES_WG_Alessio\100_DB_Matfiles_WormGear\CAE025594_I20_Big_vTRR_Optimization\model\40_i20_Big_v3_vTRR_fullRound_V3_T80_M100.zip
\\Bosch.com\DFsRB\DIV\VM\Engineering\EPS\CAE\ICN\scratch\MATFILES_WG_Alessio\100_DB_Matfiles_WormGear\CAE025594_I20_Big_vTRR_Optimization\model\41_i20_Big_V3_vTRR_fullRound_V3_T80_M-100.zip
\\Bosch.com\DFsRB\DIV\VM\Engineering\EPS\CAE\ICN\scratch\MATFILES_WG_Alessio\100_DB_Matfiles_WormGear\CAE025463_i20_da_90p853_vTRR\model\11_i20_90p853_V2_T80_M100.zip
\\Bosch.com\DFsRB\DIV\VM\Engineering\EPS\CAE\ICN\scratch\MATFILES_WG_Alessio\100_DB_Matfiles_WormGear\CAE025463_i20_da_90p853_vTRR\model\12_i20_90p853_V2_T80_M-100.zip
\\Bosch.com\DFsRB\DIV\VM\Engineering\EPS\CAE\ICN\scratch\MATFILES_WG_Alessio\100_DB_Matfiles_WormGear\CAE025463_i20_da_90p853_vTRR\model\13_i20_90p853_V3_T80_M100.zip
\\Bosch.com\DFsRB\DIV\VM\Engineering\EPS\CAE\ICN\scratch\MATFILES_WG_Alessio\100_DB_Matfiles_WormGear\CAE025463_i20_da_90p853_vTRR\model\14_i20_90p853_V3_T80_M-100.zip
\\Bosch.com\DFsRB\DIV\VM\Engineering\EPS\CAE\ICN\scratch\MATFILES_WG_Alessio\100_DB_Matfiles_WormGear\CAE025463_i20_da_90p853_vTRR\model\15_i20_90p853_V3_mesh2_T80_M100.zip
\\Bosch.com\DFsRB\DIV\VM\Engineering\EPS\CAE\ICN\scratch\MATFILES_WG_Alessio\100_DB_Matfiles_WormGear\CAE025463_i20_da_90p853_vTRR\model\16_i20_90p853_V3_mesh2_T80_M-100.zip
\\Bosch.com\DFsRB\DIV\VM\Engineering\EPS\CAE\ICN\scratch\MATFILES_WG_Alessio\100_DB_Matfiles_WormGear\CAE025977_I20_SoE_wormContacts\model\T80_M-250.zip
\\Bosch.com\DFsRB\DIV\VM\Engineering\EPS\CAE\ICN\scratch\MATFILES_WG_Alessio\100_DB_Matfiles_WormGear\CAE025977_I20_SoE_wormContacts\model\T80_M250.zip
\\Bosch.com\DFsRB\DIV\VM\Engineering\EPS\CAE\ICN\scratch\MATFILES_WG_Alessio\100_DB_Matfiles_WormGear\CAE009771_MeshStudy_i20_i21\model\08_OpenWorm_WheelFineMix\Ergebnisse_TXT.zip
\\Bosch.com\DFsRB\DIV\VM\Engineering\EPS\CAE\ICN\scratch\MATFILES_WG_Alessio\100_DB_Matfiles_WormGear\CAE009771_MeshStudy_i20_i21\model\08_OpenWorm_WheelFineMix\FEM_Medina.zip
\\Bosch.com\DFsRB\DIV\VM\Engineering\EPS\CAE\ICN\scratch\MATFILES_WG_Alessio\100_DB_Matfiles_WormGear\CAE009771_MeshStudy_i20_i21\model\06_NewWorm_WheelVeryFine\Ergebnisse_TXT.zip
\\Bosch.com\DFsRB\DIV\VM\Engineering\EPS\CAE\ICN\scratch\MATFILES_WG_Alessio\100_DB_Matfiles_WormGear\CAE009771_MeshStudy_i20_i21\model\06_NewWorm_WheelVeryFine\FEM_Medina.zip
\\Bosch.com\DFsRB\DIV\VM\Engineering\EPS\CAE\ICN\scratch\MATFILES_WG_Alessio\100_DB_Matfiles_WormGear\CAE025964_FlankModifications_WG_SRAp\model\FlankMod_V2_T80_M-100.zip
\\Bosch.com\DFsRB\DIV\VM\Engineering\EPS\CAE\ICN\scratch\MATFILES_WG_Alessio\100_DB_Matfiles_WormGear\CAE025964_FlankModifications_WG_SRAp\model\FlankMod_V2_T80_M100.zip
\\Bosch.com\DFsRB\DIV\VM\Engineering\EPS\CAE\ICN\scratch\MATFILES_WG_Alessio\100_DB_Matfiles_WormGear\CAE025964_FlankModifications_WG_SRAp\model\FlankMod_V4_T80_M-100.zip
\\Bosch.com\DFsRB\DIV\VM\Engineering\EPS\CAE\ICN\scratch\MATFILES_WG_Alessio\100_DB_Matfiles_WormGear\CAE025964_FlankModifications_WG_SRAp\model\FlankMod_V4_T80_M100.zip
\\Bosch.com\DFsRB\DIV\VM\Engineering\EPS\CAE\ICN\scratch\MATFILES_WG_Alessio\100_DB_Matfiles_WormGear\CAE025964_FlankModifications_WG_SRAp\model\FlankMod_V6_T80_M-100.zip
\\Bosch.com\DFsRB\DIV\VM\Engineering\EPS\CAE\ICN\scratch\MATFILES_WG_Alessio\100_DB_Matfiles_WormGear\CAE025964_FlankModifications_WG_SRAp\model\FlankMod_V6_T80_M100.zip
\\Bosch.com\DFsRB\DIV\VM\Engineering\EPS\CAE\ICN\scratch\MATFILES_WG_Alessio\100_DB_Matfiles_WormGear\CAE025964_FlankModifications_WG_SRAp\model\FlankMod_V8_T80_M-100.zip
\\Bosch.com\DFsRB\DIV\VM\Engineering\EPS\CAE\ICN\scratch\MATFILES_WG_Alessio\100_DB_Matfiles_WormGear\CAE025964_FlankModifications_WG_SRAp\model\FlankMod_V8_T80_M100.zip
\\Bosch.com\DFsRB\DIV\VM\Engineering\EPS\CAE\ICN\scratch\MATFILES_WG_Alessio\100_DB_Matfiles_WormGear\CAE025964_FlankModifications_WG_SRAp\model\FlankMod_V9_T80_M-100.zip
\\Bosch.com\DFsRB\DIV\VM\Engineering\EPS\CAE\ICN\scratch\MATFILES_WG_Alessio\100_DB_Matfiles_WormGear\CAE025964_FlankModifications_WG_SRAp\model\FlankMod_V9_T80_M100.zip
\\Bosch.com\DFsRB\DIV\VM\Engineering\EPS\CAE\ICN\scratch\MATFILES_WG_Alessio\100_DB_Matfiles_WormGear\CAE025976_Honda_i21_CrossAngleVariations\model\minus0p587_T80_M90.zip
\\Bosch.com\DFsRB\DIV\VM\Engineering\EPS\CAE\ICN\scratch\MATFILES_WG_Alessio\100_DB_Matfiles_WormGear\CAE025976_Honda_i21_CrossAngleVariations\model\Nominal_T80_M90.zip
\\Bosch.com\DFsRB\DIV\VM\Engineering\EPS\CAE\ICN\scratch\MATFILES_WG_Alessio\100_DB_Matfiles_WormGear\CAE025976_Honda_i21_CrossAngleVariations\model\plus0p607_T80_M90.zip
\\Bosch.com\DFsRB\DIV\VM\Engineering\EPS\CAE\ICN\scratch\MATFILES_WG_Alessio\100_DB_Matfiles_WormGear\CAE025716_i20_HLS_ActiveWormLength\model\51HSE_T105_M-110.zip
\\Bosch.com\DFsRB\DIV\VM\Engineering\EPS\CAE\ICN\scratch\MATFILES_WG_Alessio\100_DB_Matfiles_WormGear\CAE025716_i20_HLS_ActiveWormLength\model\51HSE_T105_M-250.zip
\\Bosch.com\DFsRB\DIV\VM\Engineering\EPS\CAE\ICN\scratch\MATFILES_WG_Alessio\100_DB_Matfiles_WormGear\CAE025716_i20_HLS_ActiveWormLength\model\51HSE_T105_M110.zip
\\Bosch.com\DFsRB\DIV\VM\Engineering\EPS\CAE\ICN\scratch\MATFILES_WG_Alessio\100_DB_Matfiles_WormGear\CAE025716_i20_HLS_ActiveWormLength\model\51HSE_T105_M250.zip
\\Bosch.com\DFsRB\DIV\VM\Engineering\EPS\CAE\ICN\scratch\MATFILES_WG_Alessio\100_DB_Matfiles_WormGear\CAE025716_i20_HLS_ActiveWormLength\model\51HSE_T80_M-250.zip
\\Bosch.com\DFsRB\DIV\VM\Engineering\EPS\CAE\ICN\scratch\MATFILES_WG_Alessio\100_DB_Matfiles_WormGear\CAE025716_i20_HLS_ActiveWormLength\model\51HSE_T80_M250.zip
\\Bosch.com\DFsRB\DIV\VM\Engineering\EPS\CAE\ICN\scratch\MATFILES_WG_Alessio\100_DB_Matfiles_WormGear\CAE025866_VW_MEB31_Worm\model\i21_ClosedWorm_T23_cond_M90.zip
\\Bosch.com\DFsRB\DIV\VM\Engineering\EPS\CAE\ICN\scratch\MATFILES_WG_Alessio\100_DB_Matfiles_WormGear\CAE025866_VW_MEB31_Worm\model\i21_ClosedWorm_T80_cond_M90.zip
\\Bosch.com\DFsRB\DIV\VM\Engineering\EPS\CAE\ICN\scratch\MATFILES_WG_Alessio\100_DB_Matfiles_WormGear\CAE025866_VW_MEB31_Worm\model\i21_ClosedWorm_Tm40_dry_M90.zip
\\Bosch.com\DFsRB\DIV\VM\Engineering\EPS\CAE\ICN\scratch\MATFILES_WG_Alessio\100_DB_Matfiles_WormGear\CAE013240_EPScv_Serwolf\model\V08_B18mm\00_CAD.zip
\\Bosch.com\DFsRB\DIV\VM\Engineering\EPS\CAE\ICN\scratch\MATFILES_WG_Alessio\100_DB_Matfiles_WormGear\CAE013240_EPScv_Serwolf\model\V08_B18mm\01_Scripts.zip
\\Bosch.com\DFsRB\DIV\VM\Engineering\EPS\CAE\ICN\scratch\MATFILES_WG_Alessio\100_DB_Matfiles_WormGear\CAE013240_EPScv_Serwolf\model\V08_B18mm\02_Hypermesh.zip
\\Bosch.com\DFsRB\DIV\VM\Engineering\EPS\CAE\ICN\scratch\MATFILES_WG_Alessio\100_DB_Matfiles_WormGear\CAE013240_EPScv_Serwolf\model\V08_B18mm\03_Model_Medina.zip
\\Bosch.com\DFsRB\DIV\VM\Engineering\EPS\CAE\ICN\scratch\MATFILES_WG_Alessio\100_DB_Matfiles_WormGear\CAE013240_EPScv_Serwolf\model\V08_B28mm\00_CAD.zip
\\Bosch.com\DFsRB\DIV\VM\Engineering\EPS\CAE\ICN\scratch\MATFILES_WG_Alessio\100_DB_Matfiles_WormGear\CAE013240_EPScv_Serwolf\model\V08_B28mm\01_Scripts.zip
\\Bosch.com\DFsRB\DIV\VM\Engineering\EPS\CAE\ICN\scratch\MATFILES_WG_Alessio\100_DB_Matfiles_WormGear\CAE013240_EPScv_Serwolf\model\V08_B28mm\02_Hypermesh.zip
\\Bosch.com\DFsRB\DIV\VM\Engineering\EPS\CAE\ICN\scratch\MATFILES_WG_Alessio\100_DB_Matfiles_WormGear\CAE013240_EPScv_Serwolf\model\V08_B28mm\03_Model_Medina.zip
\\Bosch.com\DFsRB\DIV\VM\Engineering\EPS\CAE\ICN\scratch\MATFILES_WG_Alessio\100_DB_Matfiles_WormGear\CAE013240_EPScv_Serwolf\model\V09_B18mm\00_CAD.zip
\\Bosch.com\DFsRB\DIV\VM\Engineering\EPS\CAE\ICN\scratch\MATFILES_WG_Alessio\100_DB_Matfiles_WormGear\CAE013240_EPScv_Serwolf\model\V09_B18mm\01_Script.zip
\\Bosch.com\DFsRB\DIV\VM\Engineering\EPS\CAE\ICN\scratch\MATFILES_WG_Alessio\100_DB_Matfiles_WormGear\CAE013240_EPScv_Serwolf\model\V09_B18mm\02_Hypermesh.zip
\\Bosch.com\DFsRB\DIV\VM\Engineering\EPS\CAE\ICN\scratch\MATFILES_WG_Alessio\100_DB_Matfiles_WormGear\CAE013240_EPScv_Serwolf\model\V09_B18mm\03_Medina.zip
\\Bosch.com\DFsRB\DIV\VM\Engineering\EPS\CAE\ICN\scratch\MATFILES_WG_Alessio\100_DB_Matfiles_WormGear\CAE013240_EPScv_Serwolf\model\V09_B28mm\01_Script.zip
\\Bosch.com\DFsRB\DIV\VM\Engineering\EPS\CAE\ICN\scratch\MATFILES_WG_Alessio\100_DB_Matfiles_WormGear\CAE013240_EPScv_Serwolf\model\V09_B28mm\02_Hypermesh.zip
\\Bosch.com\DFsRB\DIV\VM\Engineering\EPS\CAE\ICN\scratch\MATFILES_WG_Alessio\100_DB_Matfiles_WormGear\CAE013240_EPScv_Serwolf\model\V09_B28mm\03_Medina.zip
\\Bosch.com\DFsRB\DIV\VM\Engineering\EPS\CAE\ICN\scratch\MATFILES_WG_Alessio\100_DB_Matfiles_WormGear\CAE011918_VW_MEB2p1_I25\model\02_SG20_08_i25_V1_109p2mm\CAD.zip
\\Bosch.com\DFsRB\DIV\VM\Engineering\EPS\CAE\ICN\scratch\MATFILES_WG_Alessio\100_DB_Matfiles_WormGear\CAE011918_VW_MEB2p1_I25\model\02_SG20_08_i25_V1_109p2mm\Model.zip
\\Bosch.com\DFsRB\DIV\VM\Engineering\EPS\CAE\ICN\scratch\MATFILES_WG_Alessio\100_DB_Matfiles_WormGear\CAE011918_VW_MEB2p1_I25\model\02_SG20_08_i25_V1_109p2mm\NETZ.zip
\\Bosch.com\DFsRB\DIV\VM\Engineering\EPS\CAE\ICN\scratch\MATFILES_WG_Alessio\100_DB_Matfiles_WormGear\CAE011918_VW_MEB2p1_I25\model\02_SG20_08_i25_V1_109p2mm\V1_23deg_115p7_Plus.zip
\\Bosch.com\DFsRB\DIV\VM\Engineering\EPS\CAE\ICN\scratch\MATFILES_WG_Alessio\100_DB_Matfiles_WormGear\CAE011918_VW_MEB2p1_I25\model\02_SG20_08_i25_V1_109p2mm\V1_40deg_115p7_Plus.zip
\\Bosch.com\DFsRB\DIV\VM\Engineering\EPS\CAE\ICN\scratch\MATFILES_WG_Alessio\100_DB_Matfiles_WormGear\CAE011918_VW_MEB2p1_I25\model\02_SG20_08_i25_V1_109p2mm\V1_60deg_115p7_Plus.zip
\\Bosch.com\DFsRB\DIV\VM\Engineering\EPS\CAE\ICN\scratch\MATFILES_WG_Alessio\100_DB_Matfiles_WormGear\CAE011918_VW_MEB2p1_I25\model\02_SG20_08_i25_V1_109p2mm\V1_85deg_115p7Nm_Plus.zip
\\Bosch.com\DFsRB\DIV\VM\Engineering\EPS\CAE\ICN\scratch\MATFILES_WG_Alessio\100_DB_Matfiles_WormGear\CAE011918_VW_MEB2p1_I25\model\02_SG20_08_i25_V1_109p2mm\V1_85deg_127Nm_Plus.zip
\\Bosch.com\DFsRB\DIV\VM\Engineering\EPS\CAE\ICN\scratch\MATFILES_WG_Alessio\100_DB_Matfiles_WormGear\CAE011918_VW_MEB2p1_I25\model\02_SG20_08_i25_V1_109p2mm\V1_85deg_290Nm.zip
\\Bosch.com\DFsRB\DIV\VM\Engineering\EPS\CAE\ICN\scratch\MATFILES_WG_Alessio\100_DB_Matfiles_WormGear\CAE011918_VW_MEB2p1_I25\model\02_SG20_08_i25_V1_109p2mm\V1_min40deg_115p7Nm_Plus.zip
\\Bosch.com\DFsRB\DIV\VM\Engineering\EPS\CAE\ICN\scratch\MATFILES_WG_Alessio\100_DB_Matfiles_WormGear\CAE011918_VW_MEB2p1_I25\model\01_SG20_05_i25_103p8mm\00_CAD.zip
\\Bosch.com\DFsRB\DIV\VM\Engineering\EPS\CAE\ICN\scratch\MATFILES_WG_Alessio\100_DB_Matfiles_WormGear\CAE011918_VW_MEB2p1_I25\model\01_SG20_05_i25_103p8mm\01_MODEL_WormFine.zip
\\Bosch.com\DFsRB\DIV\VM\Engineering\EPS\CAE\ICN\scratch\MATFILES_WG_Alessio\100_DB_Matfiles_WormGear\CAE011918_VW_MEB2p1_I25\model\01_SG20_05_i25_103p8mm\02_MODEL_WormCoarse.zip
\\Bosch.com\DFsRB\DIV\VM\Engineering\EPS\CAE\ICN\scratch\MATFILES_WG_Alessio\100_DB_Matfiles_WormGear\CAE011918_VW_MEB2p1_I25\model\03_SG2_08_i25_V2_109p2mm\V2_115p7Nm_Plus.zip
\\Bosch.com\DFsRB\DIV\VM\Engineering\EPS\CAE\ICN\scratch\MATFILES_WG_Alessio\100_DB_Matfiles_WormGear\CAE011918_VW_MEB2p1_I25\model\03_SG2_08_i25_V2_109p2mm\V2_290Nm_Plus.zip
\\Bosch.com\DFsRB\DIV\VM\Engineering\EPS\CAE\ICN\scratch\MATFILES_WG_Alessio\100_DB_Matfiles_WormGear\CAE016042_MY23_WormFailure_ScannedTeeth\model\20_MEB_Scan\Ergebnisse_TXT.zip
\\Bosch.com\DFsRB\DIV\VM\Engineering\EPS\CAE\ICN\scratch\MATFILES_WG_Alessio\100_DB_Matfiles_WormGear\CAE016042_MY23_WormFailure_ScannedTeeth\model\20_MEB_Scan\FEM_Medina.zip
\\Bosch.com\DFsRB\DIV\VM\Engineering\EPS\CAE\ICN\scratch\MATFILES_WG_Alessio\100_DB_Matfiles_WormGear\CAE016042_MY23_WormFailure_ScannedTeeth\model\21_MY23_Scan\Ergebnisse_TXT.zip
\\Bosch.com\DFsRB\DIV\VM\Engineering\EPS\CAE\ICN\scratch\MATFILES_WG_Alessio\100_DB_Matfiles_WormGear\CAE016042_MY23_WormFailure_ScannedTeeth\model\21_MY23_Scan\FEM_Medina.zip
\\Bosch.com\DFsRB\DIV\VM\Engineering\EPS\CAE\ICN\scratch\MATFILES_WG_Alessio\100_DB_Matfiles_WormGear\CAE015338_Globoid_i34_Loop_1\model\10_Globoid_a_plus0p15_23deg_M245\Ergebnisse_TXT.zip
\\Bosch.com\DFsRB\DIV\VM\Engineering\EPS\CAE\ICN\scratch\MATFILES_WG_Alessio\100_DB_Matfiles_WormGear\CAE015338_Globoid_i34_Loop_1\model\10_Globoid_a_plus0p15_23deg_M245\FEM_Medina.zip
\\Bosch.com\DFsRB\DIV\VM\Engineering\EPS\CAE\ICN\scratch\MATFILES_WG_Alessio\100_DB_Matfiles_WormGear\CAE015338_Globoid_i34_Loop_1\model\11_Globoid_a_plus0p15_-40deg_M245\Ergebnisse_TXT.zip
\\Bosch.com\DFsRB\DIV\VM\Engineering\EPS\CAE\ICN\scratch\MATFILES_WG_Alessio\100_DB_Matfiles_WormGear\CAE015338_Globoid_i34_Loop_1\model\11_Globoid_a_plus0p15_-40deg_M245\FEM_Medina.zip
\\Bosch.com\DFsRB\DIV\VM\Engineering\EPS\CAE\ICN\scratch\MATFILES_WG_Alessio\100_DB_Matfiles_WormGear\CAE015338_Globoid_i34_Loop_1\model\12_Globoid_a_plus0p15_80deg_M245\Ergebnisse_TXT.zip
\\Bosch.com\DFsRB\DIV\VM\Engineering\EPS\CAE\ICN\scratch\MATFILES_WG_Alessio\100_DB_Matfiles_WormGear\CAE015338_Globoid_i34_Loop_1\model\12_Globoid_a_plus0p15_80deg_M245\FEM_Medina.zip
\\Bosch.com\DFsRB\DIV\VM\Engineering\EPS\CAE\ICN\scratch\MATFILES_WG_Alessio\100_DB_Matfiles_WormGear\CAE015338_Globoid_i34_Loop_1\model\15_Globoid_a_plus0p15_centered0p4_80deg_M245\Ergebnisse_TXT.zip
\\Bosch.com\DFsRB\DIV\VM\Engineering\EPS\CAE\ICN\scratch\MATFILES_WG_Alessio\100_DB_Matfiles_WormGear\CAE015338_Globoid_i34_Loop_1\model\15_Globoid_a_plus0p15_centered0p4_80deg_M245\FEM_Medina.zip
\\Bosch.com\DFsRB\DIV\VM\Engineering\EPS\CAE\ICN\scratch\MATFILES_WG_Alessio\100_DB_Matfiles_WormGear\CAE015338_Globoid_i34_Loop_1\model\13_Globoid_a_plus0p15_80deg_M-245\Ergebnisse_TXT.zip
\\Bosch.com\DFsRB\DIV\VM\Engineering\EPS\CAE\ICN\scratch\MATFILES_WG_Alessio\100_DB_Matfiles_WormGear\CAE015338_Globoid_i34_Loop_1\model\13_Globoid_a_plus0p15_80deg_M-245\FEM_Medina.zip
\\Bosch.com\DFsRB\DIV\VM\Engineering\EPS\CAE\ICN\scratch\MATFILES_WG_Alessio\100_DB_Matfiles_WormGear\CAE015338_Globoid_i34_Loop_1\model\16_Globoid_a_plus0p15_centered0p4_80deg_Mmin245\Ergebnisse_TXT.zip
\\Bosch.com\DFsRB\DIV\VM\Engineering\EPS\CAE\ICN\scratch\MATFILES_WG_Alessio\100_DB_Matfiles_WormGear\CAE015338_Globoid_i34_Loop_1\model\16_Globoid_a_plus0p15_centered0p4_80deg_Mmin245\FEM_Medina.zip
\\Bosch.com\DFsRB\DIV\VM\Engineering\EPS\CAE\ICN\scratch\MATFILES_WG_Alessio\100_DB_Matfiles_WormGear\CAE015338_Globoid_i34_Loop_1\model\17_Globoid_a_plus0p15_80deg_M245_worm_blocked\17_Globoid_a_plus0p15_80deg_M245_worm_blocked.zip
\\Bosch.com\DFsRB\DIV\VM\Engineering\EPS\CAE\ICN\scratch\MATFILES_WG_Alessio\100_DB_Matfiles_WormGear\CAE015338_Globoid_i34_Loop_1\model\18_Globoid_a_plus0p15_centered0p8_80deg_M245\Ergebnisse_TXT.zip
\\Bosch.com\DFsRB\DIV\VM\Engineering\EPS\CAE\ICN\scratch\MATFILES_WG_Alessio\100_DB_Matfiles_WormGear\CAE015338_Globoid_i34_Loop_1\model\18_Globoid_a_plus0p15_centered0p8_80deg_M245\FEM_Medina.zip
\\Bosch.com\DFsRB\DIV\VM\Engineering\EPS\CAE\ICN\scratch\MATFILES_WG_Alessio\100_DB_Matfiles_WormGear\CAE015338_Globoid_i34_Loop_1\model\19_Globoid_a_plus0p15_centered0p8_80deg_Mmin245\Ergebnisse_TXT.zip
\\Bosch.com\DFsRB\DIV\VM\Engineering\EPS\CAE\ICN\scratch\MATFILES_WG_Alessio\100_DB_Matfiles_WormGear\CAE015338_Globoid_i34_Loop_1\model\19_Globoid_a_plus0p15_centered0p8_80deg_Mmin245\FEM_Medina.zip
\\Bosch.com\DFsRB\DIV\VM\Engineering\EPS\CAE\ICN\scratch\MATFILES_WG_Alessio\100_DB_Matfiles_WormGear\CAE016440_MY23_RunIn_Geometry\model\MY23_RunIn_Rotated\Ergebnisse_TXT.zip
\\Bosch.com\DFsRB\DIV\VM\Engineering\EPS\CAE\ICN\scratch\MATFILES_WG_Alessio\100_DB_Matfiles_WormGear\CAE016440_MY23_RunIn_Geometry\model\MY23_RunIn_Rotated\FEM_Medina.zip
\\Bosch.com\DFsRB\DIV\VM\Engineering\EPS\CAE\ICN\scratch\MATFILES_WG_Alessio\100_DB_Matfiles_WormGear\CAE016732_MY23_i22\model\11b_i22_V1_T80_M-125\Ergebnisse_TXT.zip
\\Bosch.com\DFsRB\DIV\VM\Engineering\EPS\CAE\ICN\scratch\MATFILES_WG_Alessio\100_DB_Matfiles_WormGear\CAE016732_MY23_i22\model\11b_i22_V1_T80_M-125\FEM_Medina.zip
\\Bosch.com\DFsRB\DIV\VM\Engineering\EPS\CAE\ICN\scratch\MATFILES_WG_Alessio\100_DB_Matfiles_WormGear\CAE016732_MY23_i22\model\21b_i22_v2_T80_M-125\Ergebnisse_TXT.zip
\\Bosch.com\DFsRB\DIV\VM\Engineering\EPS\CAE\ICN\scratch\MATFILES_WG_Alessio\100_DB_Matfiles_WormGear\CAE016732_MY23_i22\model\21b_i22_v2_T80_M-125\FEM_Medina.zip
\\Bosch.com\DFsRB\DIV\VM\Engineering\EPS\CAE\ICN\scratch\MATFILES_WG_Alessio\100_DB_Matfiles_WormGear\CAE016732_MY23_i22\model\Z_11_i22_V1_T80_M-125\Ergebnisse_TXT.zip
\\Bosch.com\DFsRB\DIV\VM\Engineering\EPS\CAE\ICN\scratch\MATFILES_WG_Alessio\100_DB_Matfiles_WormGear\CAE016732_MY23_i22\model\Z_11_i22_V1_T80_M-125\FEM_Medina.zip
\\Bosch.com\DFsRB\DIV\VM\Engineering\EPS\CAE\ICN\scratch\MATFILES_WG_Alessio\100_DB_Matfiles_WormGear\CAE016732_MY23_i22\model\Z_12_i22_V1_T23_M-125\Ergebnisse_TXT.zip
\\Bosch.com\DFsRB\DIV\VM\Engineering\EPS\CAE\ICN\scratch\MATFILES_WG_Alessio\100_DB_Matfiles_WormGear\CAE016732_MY23_i22\model\Z_12_i22_V1_T23_M-125\FEM_Medina.zip
\\Bosch.com\DFsRB\DIV\VM\Engineering\EPS\CAE\ICN\scratch\MATFILES_WG_Alessio\100_DB_Matfiles_WormGear\CAE016732_MY23_i22\model\Z_21_i22_V2_T80_M-125\Ergebnisse_TXT.zip
\\Bosch.com\DFsRB\DIV\VM\Engineering\EPS\CAE\ICN\scratch\MATFILES_WG_Alessio\100_DB_Matfiles_WormGear\CAE016732_MY23_i22\model\Z_21_i22_V2_T80_M-125\FEM_Medina.zip
\\Bosch.com\DFsRB\DIV\VM\Engineering\EPS\CAE\ICN\scratch\MATFILES_WG_Alessio\100_DB_Matfiles_WormGear\CAE016732_MY23_i22\model\Z_22_i22_V2_T23_M-125\Ergebnisse_TXT.zip
\\Bosch.com\DFsRB\DIV\VM\Engineering\EPS\CAE\ICN\scratch\MATFILES_WG_Alessio\100_DB_Matfiles_WormGear\CAE016732_MY23_i22\model\Z_22_i22_V2_T23_M-125\FEM_Medina.zip
\\Bosch.com\DFsRB\DIV\VM\Engineering\EPS\CAE\ICN\scratch\MATFILES_WG_Alessio\100_DB_Matfiles_WormGear\CAE016449_EPScv_i34\model\T80\Ergebnisse_TXT.zip
\\Bosch.com\DFsRB\DIV\VM\Engineering\EPS\CAE\ICN\scratch\MATFILES_WG_Alessio\100_DB_Matfiles_WormGear\CAE016449_EPScv_i34\model\T80\FEM_Medina.zip
\\Bosch.com\DFsRB\DIV\VM\Engineering\EPS\CAE\ICN\scratch\MATFILES_WG_Alessio\100_DB_Matfiles_WormGear\CAE016449_EPScv_i34\model\T-40\Ergebnisse_TXT.zip
\\Bosch.com\DFsRB\DIV\VM\Engineering\EPS\CAE\ICN\scratch\MATFILES_WG_Alessio\100_DB_Matfiles_WormGear\CAE016449_EPScv_i34\model\T-40\FEM_Medina.zip
\\Bosch.com\DFsRB\DIV\VM\Engineering\EPS\CAE\ICN\scratch\MATFILES_WG_Alessio\100_DB_Matfiles_WormGear\CAE017160_Worm_i25_Geometry4betterRolling\model\i25_WormV1_T80_M125\Ergebnisse_TXT.zip
\\Bosch.com\DFsRB\DIV\VM\Engineering\EPS\CAE\ICN\scratch\MATFILES_WG_Alessio\100_DB_Matfiles_WormGear\CAE017160_Worm_i25_Geometry4betterRolling\model\i25_WormV1_T80_M125\FEM_Medina.zip
\\Bosch.com\DFsRB\DIV\VM\Engineering\EPS\CAE\ICN\scratch\MATFILES_WG_Alessio\100_DB_Matfiles_WormGear\CAE017160_Worm_i25_Geometry4betterRolling\model\i25_WormV2_T80_M125\Ergebnisse_TXT.zip
\\Bosch.com\DFsRB\DIV\VM\Engineering\EPS\CAE\ICN\scratch\MATFILES_WG_Alessio\100_DB_Matfiles_WormGear\CAE017160_Worm_i25_Geometry4betterRolling\model\i25_WormV2_T80_M125\FEM_Medina.zip
\\Bosch.com\DFsRB\DIV\VM\Engineering\EPS\CAE\ICN\scratch\MATFILES_WG_Alessio\100_DB_Matfiles_WormGear\CAE017285_Worm_i24\model\SG23_09_T80_M125\Ergebnisse_TXT.zip
\\Bosch.com\DFsRB\DIV\VM\Engineering\EPS\CAE\ICN\scratch\MATFILES_WG_Alessio\100_DB_Matfiles_WormGear\CAE017285_Worm_i24\model\SG23_09_T80_M125\FEM_Medina.zip
\\Bosch.com\DFsRB\DIV\VM\Engineering\EPS\CAE\ICN\scratch\MATFILES_WG_Alessio\100_DB_Matfiles_WormGear\CAE017160_Worm_i25_Geometry4betterRolling\model\Ref_v2_T80_M125\Ergebnisse_TXT.zip
\\Bosch.com\DFsRB\DIV\VM\Engineering\EPS\CAE\ICN\scratch\MATFILES_WG_Alessio\100_DB_Matfiles_WormGear\CAE017160_Worm_i25_Geometry4betterRolling\model\Ref_v2_T80_M125\FEM_Medina.zip
\\Bosch.com\DFsRB\DIV\VM\Engineering\EPS\CAE\ICN\scratch\MATFILES_WG_Alessio\100_DB_Matfiles_WormGear\CAE017285_Worm_i24\model\SG23_10_T80_M125\Ergebnisse_TXT.zip
\\Bosch.com\DFsRB\DIV\VM\Engineering\EPS\CAE\ICN\scratch\MATFILES_WG_Alessio\100_DB_Matfiles_WormGear\CAE017285_Worm_i24\model\SG23_10_T80_M125\FEM_Medina.zip
\\Bosch.com\DFsRB\DIV\VM\Engineering\EPS\CAE\ICN\scratch\MATFILES_WG_Alessio\100_DB_Matfiles_WormGear\CAE017195_i21_i25_POM_Delrin\model\01_i21_Zytel_T80_M90_Recalc\Ergebnisse_TXT.zip
\\Bosch.com\DFsRB\DIV\VM\Engineering\EPS\CAE\ICN\scratch\MATFILES_WG_Alessio\100_DB_Matfiles_WormGear\CAE017195_i21_i25_POM_Delrin\model\01_i21_Zytel_T80_M90_Recalc\FEM_Medina.zip
\\Bosch.com\DFsRB\DIV\VM\Engineering\EPS\CAE\ICN\scratch\MATFILES_WG_Alessio\100_DB_Matfiles_WormGear\CAE017195_i21_i25_POM_Delrin\model\02_i21_Delrin100_T80_M90\Ergebnisse_TXT.zip
\\Bosch.com\DFsRB\DIV\VM\Engineering\EPS\CAE\ICN\scratch\MATFILES_WG_Alessio\100_DB_Matfiles_WormGear\CAE017195_i21_i25_POM_Delrin\model\02_i21_Delrin100_T80_M90\FEM_Medina.zip
\\Bosch.com\DFsRB\DIV\VM\Engineering\EPS\CAE\ICN\scratch\MATFILES_WG_Alessio\100_DB_Matfiles_WormGear\CAE017195_i21_i25_POM_Delrin\model\04_i21_Delrin100_T-40_M90\Ergebnisse_TXT.zip
\\Bosch.com\DFsRB\DIV\VM\Engineering\EPS\CAE\ICN\scratch\MATFILES_WG_Alessio\100_DB_Matfiles_WormGear\CAE017195_i21_i25_POM_Delrin\model\04_i21_Delrin100_T-40_M90\FEM_Medina.zip
\\Bosch.com\DFsRB\DIV\VM\Engineering\EPS\CAE\ICN\scratch\MATFILES_WG_Alessio\100_DB_Matfiles_WormGear\CAE017195_i21_i25_POM_Delrin\model\03_i21_Delrin100_T23_M90\Ergebnisse_TXT.zip
\\Bosch.com\DFsRB\DIV\VM\Engineering\EPS\CAE\ICN\scratch\MATFILES_WG_Alessio\100_DB_Matfiles_WormGear\CAE017195_i21_i25_POM_Delrin\model\03_i21_Delrin100_T23_M90\FEM_Medina.zip
\\Bosch.com\DFsRB\DIV\VM\Engineering\EPS\CAE\ICN\scratch\MATFILES_WG_Alessio\100_DB_Matfiles_WormGear\CAE017195_i21_i25_POM_Delrin\model\12_i25_Delrin100_T80_M125\Ergebnisse_TXT.zip
\\Bosch.com\DFsRB\DIV\VM\Engineering\EPS\CAE\ICN\scratch\MATFILES_WG_Alessio\100_DB_Matfiles_WormGear\CAE017195_i21_i25_POM_Delrin\model\12_i25_Delrin100_T80_M125\FEM_Medina.zip
\\Bosch.com\DFsRB\DIV\VM\Engineering\EPS\CAE\ICN\scratch\MATFILES_WG_Alessio\100_DB_Matfiles_WormGear\CAE017195_i21_i25_POM_Delrin\model\13_i25_Delrin100_T23_M125\Ergebnisse_TXT.zip
\\Bosch.com\DFsRB\DIV\VM\Engineering\EPS\CAE\ICN\scratch\MATFILES_WG_Alessio\100_DB_Matfiles_WormGear\CAE017195_i21_i25_POM_Delrin\model\13_i25_Delrin100_T23_M125\FEM_Medina.zip
\\Bosch.com\DFsRB\DIV\VM\Engineering\EPS\CAE\ICN\scratch\MATFILES_WG_Alessio\100_DB_Matfiles_WormGear\CAE017195_i21_i25_POM_Delrin\model\14_i25_Delrin100_T-40_M125\Ergebnisse_TXT.zip
\\Bosch.com\DFsRB\DIV\VM\Engineering\EPS\CAE\ICN\scratch\MATFILES_WG_Alessio\100_DB_Matfiles_WormGear\CAE017195_i21_i25_POM_Delrin\model\14_i25_Delrin100_T-40_M125\FEM_Medina.zip
\\Bosch.com\DFsRB\DIV\VM\Engineering\EPS\CAE\ICN\scratch\MATFILES_WG_Alessio\100_DB_Matfiles_WormGear\CAE018147_RunIn_Geometry_Symmetry\model\15_Zytel02_A_60p65_T80_M0_LinEl\Ergebnisse_TXT.zip
\\Bosch.com\DFsRB\DIV\VM\Engineering\EPS\CAE\ICN\scratch\MATFILES_WG_Alessio\100_DB_Matfiles_WormGear\CAE018147_RunIn_Geometry_Symmetry\model\15_Zytel02_A_60p65_T80_M0_LinEl\FEM_Medina.zip
\\Bosch.com\DFsRB\DIV\VM\Engineering\EPS\CAE\ICN\scratch\MATFILES_WG_Alessio\100_DB_Matfiles_WormGear\CAE018147_RunIn_Geometry_Symmetry\model\20_Zytel02_A_60p65_T80_M125\Ergebnisse_TXT.zip
\\Bosch.com\DFsRB\DIV\VM\Engineering\EPS\CAE\ICN\scratch\MATFILES_WG_Alessio\100_DB_Matfiles_WormGear\CAE018147_RunIn_Geometry_Symmetry\model\20_Zytel02_A_60p65_T80_M125\FEM_Medina.zip
\\Bosch.com\DFsRB\DIV\VM\Engineering\EPS\CAE\ICN\scratch\MATFILES_WG_Alessio\100_DB_Matfiles_WormGear\CAE018147_RunIn_Geometry_Symmetry\model\21a_Zytel02_A_60p41_T80_M125\Ergebnisse_TXT.zip
\\Bosch.com\DFsRB\DIV\VM\Engineering\EPS\CAE\ICN\scratch\MATFILES_WG_Alessio\100_DB_Matfiles_WormGear\CAE018147_RunIn_Geometry_Symmetry\model\21a_Zytel02_A_60p41_T80_M125\FEM_Medina.zip
\\Bosch.com\DFsRB\DIV\VM\Engineering\EPS\CAE\ICN\scratch\MATFILES_WG_Alessio\100_DB_Matfiles_WormGear\CAE018147_RunIn_Geometry_Symmetry\model\21b_Zytel02_A60p41_T80_M200\Ergebnisse_TXT.zip
\\Bosch.com\DFsRB\DIV\VM\Engineering\EPS\CAE\ICN\scratch\MATFILES_WG_Alessio\100_DB_Matfiles_WormGear\CAE018147_RunIn_Geometry_Symmetry\model\21b_Zytel02_A60p41_T80_M200\FEM_Medina.zip
\\Bosch.com\DFsRB\DIV\VM\Engineering\EPS\CAE\ICN\scratch\MATFILES_WG_Alessio\100_DB_Matfiles_WormGear\CAE018147_RunIn_Geometry_Symmetry\model\21_Zytel02_A_60p41_T80_M125\Ergebnisse_TXT.zip
\\Bosch.com\DFsRB\DIV\VM\Engineering\EPS\CAE\ICN\scratch\MATFILES_WG_Alessio\100_DB_Matfiles_WormGear\CAE018147_RunIn_Geometry_Symmetry\model\21_Zytel02_A_60p41_T80_M125\FEM_Medina.zip
\\Bosch.com\DFsRB\DIV\VM\Engineering\EPS\CAE\ICN\scratch\MATFILES_WG_Alessio\100_DB_Matfiles_WormGear\CAE018147_RunIn_Geometry_Symmetry\model\22a_Zytel02_A60p41_T23_M125\Ergebnisse_TXT.zip
\\Bosch.com\DFsRB\DIV\VM\Engineering\EPS\CAE\ICN\scratch\MATFILES_WG_Alessio\100_DB_Matfiles_WormGear\CAE018147_RunIn_Geometry_Symmetry\model\22a_Zytel02_A60p41_T23_M125\FEM_Medina.zip
\\Bosch.com\DFsRB\DIV\VM\Engineering\EPS\CAE\ICN\scratch\MATFILES_WG_Alessio\100_DB_Matfiles_WormGear\CAE018147_RunIn_Geometry_Symmetry\model\22_Zytel02_A60p41_T23_M125\Ergebnisse_TXT.zip
\\Bosch.com\DFsRB\DIV\VM\Engineering\EPS\CAE\ICN\scratch\MATFILES_WG_Alessio\100_DB_Matfiles_WormGear\CAE018147_RunIn_Geometry_Symmetry\model\22_Zytel02_A60p41_T23_M125\FEM_Medina.zip
\\Bosch.com\DFsRB\DIV\VM\Engineering\EPS\CAE\ICN\scratch\MATFILES_WG_Alessio\100_DB_Matfiles_WormGear\CAE018147_RunIn_Geometry_Symmetry\model\22b_Zytel02_A60p41_T23_M200\Ergebnisse_TXT.zip
\\Bosch.com\DFsRB\DIV\VM\Engineering\EPS\CAE\ICN\scratch\MATFILES_WG_Alessio\100_DB_Matfiles_WormGear\CAE018147_RunIn_Geometry_Symmetry\model\22b_Zytel02_A60p41_T23_M200\FEM_Medina.zip
\\Bosch.com\DFsRB\DIV\VM\Engineering\EPS\CAE\ICN\scratch\MATFILES_WG_Alessio\100_DB_Matfiles_WormGear\CAE017494_BrakeWorm_i24p5\model\BW_V2_i24p5_T23_dry_M130\Ergebnisse_TXT.zip
\\Bosch.com\DFsRB\DIV\VM\Engineering\EPS\CAE\ICN\scratch\MATFILES_WG_Alessio\100_DB_Matfiles_WormGear\CAE017494_BrakeWorm_i24p5\model\BW_V2_i24p5_T23_dry_M130\FEM_Medina.zip
\\Bosch.com\DFsRB\DIV\VM\Engineering\EPS\CAE\ICN\scratch\MATFILES_WG_Alessio\100_DB_Matfiles_WormGear\CAE017494_BrakeWorm_i24p5\model\WG_i24p5_T23_dry_M130\Ergebnisse_TXT.zip
\\Bosch.com\DFsRB\DIV\VM\Engineering\EPS\CAE\ICN\scratch\MATFILES_WG_Alessio\100_DB_Matfiles_WormGear\CAE017494_BrakeWorm_i24p5\model\WG_i24p5_T23_dry_M130\FEM_Medina.zip
\\Bosch.com\DFsRB\DIV\VM\Engineering\EPS\CAE\ICN\scratch\MATFILES_WG_Alessio\100_DB_Matfiles_WormGear\CAE018147_RunIn_Geometry_Symmetry\model\31_Zytel02_A_60p41_T23_M200_NomTeeth\Ergebnisse_TXT.zip
\\Bosch.com\DFsRB\DIV\VM\Engineering\EPS\CAE\ICN\scratch\MATFILES_WG_Alessio\100_DB_Matfiles_WormGear\CAE018147_RunIn_Geometry_Symmetry\model\31_Zytel02_A_60p41_T23_M200_NomTeeth\FEM_Medina.zip
\\Bosch.com\DFsRB\DIV\VM\Engineering\EPS\CAE\ICN\scratch\MATFILES_WG_Alessio\100_DB_Matfiles_WormGear\CAE018147_RunIn_Geometry_Symmetry\model\32_Zytel02_A_60p41_T80_M200_NomTeeth\Ergebnisse_TXT.zip
\\Bosch.com\DFsRB\DIV\VM\Engineering\EPS\CAE\ICN\scratch\MATFILES_WG_Alessio\100_DB_Matfiles_WormGear\CAE018147_RunIn_Geometry_Symmetry\model\32_Zytel02_A_60p41_T80_M200_NomTeeth\FEM_Medina.zip
\\Bosch.com\DFsRB\DIV\VM\Engineering\EPS\CAE\ICN\scratch\MATFILES_WG_Alessio\100_DB_Matfiles_WormGear\CAE017494_BrakeWorm_i24p5\model\BW_V1_i24p5_T23_dry_M130\Ergebnisse_TXT.zip
\\Bosch.com\DFsRB\DIV\VM\Engineering\EPS\CAE\ICN\scratch\MATFILES_WG_Alessio\100_DB_Matfiles_WormGear\CAE017494_BrakeWorm_i24p5\model\BW_V1_i24p5_T23_dry_M130\FEM_Medina.zip
\\Bosch.com\DFsRB\DIV\VM\Engineering\EPS\CAE\ICN\scratch\MATFILES_WG_Alessio\100_DB_Matfiles_WormGear\CAE019181_ReduceBending\model\10_Orig_Zytel51EFB_T80_M125_Pos\Ergebnisse_TXT.zip
\\Bosch.com\DFsRB\DIV\VM\Engineering\EPS\CAE\ICN\scratch\MATFILES_WG_Alessio\100_DB_Matfiles_WormGear\CAE019181_ReduceBending\model\10_Orig_Zytel51EFB_T80_M125_Pos\FEM_Medina.zip
\\Bosch.com\DFsRB\DIV\VM\Engineering\EPS\CAE\ICN\scratch\MATFILES_WG_Alessio\100_DB_Matfiles_WormGear\CAE019181_ReduceBending\model\21_V1_Zytel51EFB_T80_M125_Neg\Ergebnisse_TXT.zip
\\Bosch.com\DFsRB\DIV\VM\Engineering\EPS\CAE\ICN\scratch\MATFILES_WG_Alessio\100_DB_Matfiles_WormGear\CAE019181_ReduceBending\model\21_V1_Zytel51EFB_T80_M125_Neg\FEM_Medina.zip
\\Bosch.com\DFsRB\DIV\VM\Engineering\EPS\CAE\ICN\scratch\MATFILES_WG_Alessio\100_DB_Matfiles_WormGear\CAE019181_ReduceBending\model\12_V2_Zytel51EFB_T80_M125_Pos\Ergebnisse_TXT.zip
\\Bosch.com\DFsRB\DIV\VM\Engineering\EPS\CAE\ICN\scratch\MATFILES_WG_Alessio\100_DB_Matfiles_WormGear\CAE019181_ReduceBending\model\12_V2_Zytel51EFB_T80_M125_Pos\FEM_Medina.zip
\\Bosch.com\DFsRB\DIV\VM\Engineering\EPS\CAE\ICN\scratch\MATFILES_WG_Alessio\100_DB_Matfiles_WormGear\CAE019181_ReduceBending\model\20_Orig_Zytel51EFB_T80_M125_Neg\Ergebnisse_TXT.zip
\\Bosch.com\DFsRB\DIV\VM\Engineering\EPS\CAE\ICN\scratch\MATFILES_WG_Alessio\100_DB_Matfiles_WormGear\CAE019181_ReduceBending\model\20_Orig_Zytel51EFB_T80_M125_Neg\FEM_Medina.zip
\\Bosch.com\DFsRB\DIV\VM\Engineering\EPS\CAE\ICN\scratch\MATFILES_WG_Alessio\100_DB_Matfiles_WormGear\CAE019181_ReduceBending\model\11_V1_Zytel51EFB_T80_M125_Pos\Ergebnisse_TXT.zip
\\Bosch.com\DFsRB\DIV\VM\Engineering\EPS\CAE\ICN\scratch\MATFILES_WG_Alessio\100_DB_Matfiles_WormGear\CAE019181_ReduceBending\model\11_V1_Zytel51EFB_T80_M125_Pos\FEM_Medina.zip
\\Bosch.com\DFsRB\DIV\VM\Engineering\EPS\CAE\ICN\scratch\MATFILES_WG_Alessio\100_DB_Matfiles_WormGear\CAE019181_ReduceBending\model\22_V2_Zytel51EFB_T80_M125_Neg\Ergebnisse_TXT.zip
\\Bosch.com\DFsRB\DIV\VM\Engineering\EPS\CAE\ICN\scratch\MATFILES_WG_Alessio\100_DB_Matfiles_WormGear\CAE019181_ReduceBending\model\22_V2_Zytel51EFB_T80_M125_Neg\FEM_Medina.zip
\\Bosch.com\DFsRB\DIV\VM\Engineering\EPS\CAE\ICN\scratch\MATFILES_WG_Alessio\100_DB_Matfiles_WormGear\CAE019181_ReduceBending\model\31_V1_Zytel51EFB_T80_M125_WrongCSYS_Neg\Ergebnisse_TXT.zip
\\Bosch.com\DFsRB\DIV\VM\Engineering\EPS\CAE\ICN\scratch\MATFILES_WG_Alessio\100_DB_Matfiles_WormGear\CAE019181_ReduceBending\model\31_V1_Zytel51EFB_T80_M125_WrongCSYS_Neg\FEM_Medina.zip
\\Bosch.com\DFsRB\DIV\VM\Engineering\EPS\CAE\ICN\scratch\MATFILES_WG_Alessio\100_DB_Matfiles_WormGear\CAE019181_ReduceBending\model\32_V2_Zytel51EFB_T80_M125_WrongCSYS_Neg\Ergebnisse_TXT.zip
\\Bosch.com\DFsRB\DIV\VM\Engineering\EPS\CAE\ICN\scratch\MATFILES_WG_Alessio\100_DB_Matfiles_WormGear\CAE019181_ReduceBending\model\32_V2_Zytel51EFB_T80_M125_WrongCSYS_Neg\FEM_Medina.zip
\\Bosch.com\DFsRB\DIV\VM\Engineering\EPS\CAE\ICN\scratch\MATFILES_WG_Alessio\100_DB_Matfiles_WormGear\CAE019124_i25_i21_Zytel51EFB_Zytel02\model\02_Calc_i25\00_CAD.zip
\\Bosch.com\DFsRB\DIV\VM\Engineering\EPS\CAE\ICN\scratch\MATFILES_WG_Alessio\100_DB_Matfiles_WormGear\CAE019124_i25_i21_Zytel51EFB_Zytel02\model\02_Calc_i25\01_Hypermesh.zip
\\Bosch.com\DFsRB\DIV\VM\Engineering\EPS\CAE\ICN\scratch\MATFILES_WG_Alessio\100_DB_Matfiles_WormGear\CAE019124_i25_i21_Zytel51EFB_Zytel02\model\02_Calc_i25\02_Medina.zip
\\Bosch.com\DFsRB\DIV\VM\Engineering\EPS\CAE\ICN\scratch\MATFILES_WG_Alessio\100_DB_Matfiles_WormGear\CAE019016_MY25_Globoid_Loop1s\model\21_Loop1s_a60p61\Ergebnisse_TXT.zip
\\Bosch.com\DFsRB\DIV\VM\Engineering\EPS\CAE\ICN\scratch\MATFILES_WG_Alessio\100_DB_Matfiles_WormGear\CAE019016_MY25_Globoid_Loop1s\model\21_Loop1s_a60p61\FEM_Medina.zip
\\Bosch.com\DFsRB\DIV\VM\Engineering\EPS\CAE\ICN\scratch\MATFILES_WG_Alessio\100_DB_Matfiles_WormGear\CAE019468_WormGear_MCV_Loop2\model\MCV_Loop2_A68p15_Zytel02_T80_M198\Ergebnisse_TXT.zip
\\Bosch.com\DFsRB\DIV\VM\Engineering\EPS\CAE\ICN\scratch\MATFILES_WG_Alessio\100_DB_Matfiles_WormGear\CAE019468_WormGear_MCV_Loop2\model\MCV_Loop2_A68p15_Zytel02_T80_M198\FEM_Medina.zip
\\Bosch.com\DFsRB\DIV\VM\Engineering\EPS\CAE\ICN\scratch\MATFILES_WG_Alessio\100_DB_Matfiles_WormGear\CAE019468_WormGear_MCV_Loop2\model\MCV_Loop2_A68p15_Zytel02_T23_M198\Ergebnisse_TXT.zip
\\Bosch.com\DFsRB\DIV\VM\Engineering\EPS\CAE\ICN\scratch\MATFILES_WG_Alessio\100_DB_Matfiles_WormGear\CAE019468_WormGear_MCV_Loop2\model\MCV_Loop2_A68p15_Zytel02_T23_M198\FEM_Medina.zip
\\Bosch.com\DFsRB\DIV\VM\Engineering\EPS\CAE\ICN\scratch\MATFILES_WG_Alessio\100_DB_Matfiles_WormGear\CAE019468_WormGear_MCV_Loop2\model\MCV_Loop2_A68p15_Zytel51EFB_T80_M198\Ergebnisse_TXT.zip
\\Bosch.com\DFsRB\DIV\VM\Engineering\EPS\CAE\ICN\scratch\MATFILES_WG_Alessio\100_DB_Matfiles_WormGear\CAE019468_WormGear_MCV_Loop2\model\MCV_Loop2_A68p15_Zytel51EFB_T80_M198\FEM_Medina.zip
\\Bosch.com\DFsRB\DIV\VM\Engineering\EPS\CAE\ICN\scratch\MATFILES_WG_Alessio\100_DB_Matfiles_WormGear\CAE019468_WormGear_MCV_Loop2\model\MCV_WheelLoop2_WormLoop1s_Zytel02\Medina.zip
\\Bosch.com\DFsRB\DIV\VM\Engineering\EPS\CAE\ICN\scratch\MATFILES_WG_Alessio\100_DB_Matfiles_WormGear\CAE019713_Abgleich_IMS_i25_i21_i20\model\13_SR323_i21_IMSamid3_T23_M90\Ergebnisse_TXT.zip
\\Bosch.com\DFsRB\DIV\VM\Engineering\EPS\CAE\ICN\scratch\MATFILES_WG_Alessio\100_DB_Matfiles_WormGear\CAE019713_Abgleich_IMS_i25_i21_i20\model\13_SR323_i21_IMSamid3_T23_M90\FEM_Medina.zip
\\Bosch.com\DFsRB\DIV\VM\Engineering\EPS\CAE\ICN\scratch\MATFILES_WG_Alessio\100_DB_Matfiles_WormGear\CAE019713_Abgleich_IMS_i25_i21_i20\model\12_i25_IMSamid3_T80_M125\Ergebnisse_TXT.zip
\\Bosch.com\DFsRB\DIV\VM\Engineering\EPS\CAE\ICN\scratch\MATFILES_WG_Alessio\100_DB_Matfiles_WormGear\CAE019713_Abgleich_IMS_i25_i21_i20\model\12_i25_IMSamid3_T80_M125\FEM_Medina.zip
\\Bosch.com\DFsRB\DIV\VM\Engineering\EPS\CAE\ICN\scratch\MATFILES_WG_Alessio\100_DB_Matfiles_WormGear\CAE019713_Abgleich_IMS_i25_i21_i20\model\11_i25_IMSamid3_T23_M125\Ergebnisse_TXT.zip
\\Bosch.com\DFsRB\DIV\VM\Engineering\EPS\CAE\ICN\scratch\MATFILES_WG_Alessio\100_DB_Matfiles_WormGear\CAE019713_Abgleich_IMS_i25_i21_i20\model\11_i25_IMSamid3_T23_M125\FEM_Medina.zip
\\Bosch.com\DFsRB\DIV\VM\Engineering\EPS\CAE\ICN\scratch\MATFILES_WG_Alessio\100_DB_Matfiles_WormGear\CAE019713_Abgleich_IMS_i25_i21_i20\model\14_SR323_i21_IMSamid3_T80_M90\Ergebnisse_TXT.zip
\\Bosch.com\DFsRB\DIV\VM\Engineering\EPS\CAE\ICN\scratch\MATFILES_WG_Alessio\100_DB_Matfiles_WormGear\CAE019713_Abgleich_IMS_i25_i21_i20\model\14_SR323_i21_IMSamid3_T80_M90\FEM_Medina.zip
\\Bosch.com\DFsRB\DIV\VM\Engineering\EPS\CAE\ICN\scratch\MATFILES_WG_Alessio\100_DB_Matfiles_WormGear\CAE019713_Abgleich_IMS_i25_i21_i20\model\15_MRA2_i20_IMSamid3_T23_M100\Ergebnisse_TXT.zip
\\Bosch.com\DFsRB\DIV\VM\Engineering\EPS\CAE\ICN\scratch\MATFILES_WG_Alessio\100_DB_Matfiles_WormGear\CAE019713_Abgleich_IMS_i25_i21_i20\model\15_MRA2_i20_IMSamid3_T23_M100\FEM_Medina.zip
\\Bosch.com\DFsRB\DIV\VM\Engineering\EPS\CAE\ICN\scratch\MATFILES_WG_Alessio\100_DB_Matfiles_WormGear\CAE019713_Abgleich_IMS_i25_i21_i20\model\16_MRA2_i20_IMSamid3_T80_M100\Ergebnisse_TXT.zip
\\Bosch.com\DFsRB\DIV\VM\Engineering\EPS\CAE\ICN\scratch\MATFILES_WG_Alessio\100_DB_Matfiles_WormGear\CAE019713_Abgleich_IMS_i25_i21_i20\model\16_MRA2_i20_IMSamid3_T80_M100\FEM_Medina.zip
\\Bosch.com\DFsRB\DIV\VM\Engineering\EPS\CAE\ICN\scratch\MATFILES_WG_Alessio\100_DB_Matfiles_WormGear\CAE019829_EvaluationFlankDisruption\model\01_i24p5_Zytel51EFB_T80_M125\Ergebnisse_TXT.zip
\\Bosch.com\DFsRB\DIV\VM\Engineering\EPS\CAE\ICN\scratch\MATFILES_WG_Alessio\100_DB_Matfiles_WormGear\CAE019829_EvaluationFlankDisruption\model\01_i24p5_Zytel51EFB_T80_M125\FEM_Medina.zip
\\Bosch.com\DFsRB\DIV\VM\Engineering\EPS\CAE\ICN\scratch\MATFILES_WG_Alessio\100_DB_Matfiles_WormGear\CAE019829_EvaluationFlankDisruption\model\11_i24p5_IMSamid3_T23_M125\Ergebnisse_TXT.zip
\\Bosch.com\DFsRB\DIV\VM\Engineering\EPS\CAE\ICN\scratch\MATFILES_WG_Alessio\100_DB_Matfiles_WormGear\CAE019829_EvaluationFlankDisruption\model\11_i24p5_IMSamid3_T23_M125\FEM_Medina.zip
\\Bosch.com\DFsRB\DIV\VM\Engineering\EPS\CAE\ICN\scratch\MATFILES_WG_Alessio\100_DB_Matfiles_WormGear\CAE019829_EvaluationFlankDisruption\model\12_i24p5_IMSamid3_T80_M125\Ergebnisse_TXT.zip
\\Bosch.com\DFsRB\DIV\VM\Engineering\EPS\CAE\ICN\scratch\MATFILES_WG_Alessio\100_DB_Matfiles_WormGear\CAE019829_EvaluationFlankDisruption\model\12_i24p5_IMSamid3_T80_M125\FEM_Medina.zip
\\Bosch.com\DFsRB\DIV\VM\Engineering\EPS\CAE\ICN\scratch\MATFILES_WG_Alessio\100_DB_Matfiles_WormGear\CAE019714_Globoid_Zytel02_Step1b\model\13_T23_M-125\Ergebnisse_TXT.zip
\\Bosch.com\DFsRB\DIV\VM\Engineering\EPS\CAE\ICN\scratch\MATFILES_WG_Alessio\100_DB_Matfiles_WormGear\CAE019714_Globoid_Zytel02_Step1b\model\13_T23_M-125\FEM_Medina.zip
\\Bosch.com\DFsRB\DIV\VM\Engineering\EPS\CAE\ICN\scratch\MATFILES_WG_Alessio\100_DB_Matfiles_WormGear\CAE019714_Globoid_Zytel02_Step1b\model\14_T80_M-125\Ergebnisse_TXT.zip
\\Bosch.com\DFsRB\DIV\VM\Engineering\EPS\CAE\ICN\scratch\MATFILES_WG_Alessio\100_DB_Matfiles_WormGear\CAE019714_Globoid_Zytel02_Step1b\model\14_T80_M-125\FEM_Medina.zip
\\Bosch.com\DFsRB\DIV\VM\Engineering\EPS\CAE\ICN\scratch\MATFILES_WG_Alessio\100_DB_Matfiles_WormGear\CAE019714_Globoid_Zytel02_Step1b\model\11_T23_M125\Ergebnisse_TXT.zip
\\Bosch.com\DFsRB\DIV\VM\Engineering\EPS\CAE\ICN\scratch\MATFILES_WG_Alessio\100_DB_Matfiles_WormGear\CAE019714_Globoid_Zytel02_Step1b\model\11_T23_M125\FEM_Medina.zip
\\Bosch.com\DFsRB\DIV\VM\Engineering\EPS\CAE\ICN\scratch\MATFILES_WG_Alessio\100_DB_Matfiles_WormGear\CAE019714_Globoid_Zytel02_Step1b\model\12_T80_M125\Ergebnisse_TXT.zip
\\Bosch.com\DFsRB\DIV\VM\Engineering\EPS\CAE\ICN\scratch\MATFILES_WG_Alessio\100_DB_Matfiles_WormGear\CAE019714_Globoid_Zytel02_Step1b\model\12_T80_M125\FEM_Medina.zip
\\Bosch.com\DFsRB\DIV\VM\Engineering\EPS\CAE\ICN\scratch\MATFILES_WG_Alessio\100_DB_Matfiles_WormGear\CAE019714_Globoid_Zytel02_Step1b\model\15_T23_M140\Ergebnisse_TXT.zip
\\Bosch.com\DFsRB\DIV\VM\Engineering\EPS\CAE\ICN\scratch\MATFILES_WG_Alessio\100_DB_Matfiles_WormGear\CAE019714_Globoid_Zytel02_Step1b\model\15_T23_M140\FEM_Medina.zip
\\Bosch.com\DFsRB\DIV\VM\Engineering\EPS\CAE\ICN\scratch\MATFILES_WG_Alessio\100_DB_Matfiles_WormGear\CAE019714_Globoid_Zytel02_Step1b\model\16_T80_M140\Ergebnisse_TXT.zip
\\Bosch.com\DFsRB\DIV\VM\Engineering\EPS\CAE\ICN\scratch\MATFILES_WG_Alessio\100_DB_Matfiles_WormGear\CAE019714_Globoid_Zytel02_Step1b\model\16_T80_M140\FEM_Medina.zip
\\Bosch.com\DFsRB\DIV\VM\Engineering\EPS\CAE\ICN\scratch\MATFILES_WG_Alessio\100_DB_Matfiles_WormGear\CAE019526_i25_MY25_Globoid_Loop1s\model\01_MY23_Zytel02_T-10_M125\Ergebnisse_TXT.zip
\\Bosch.com\DFsRB\DIV\VM\Engineering\EPS\CAE\ICN\scratch\MATFILES_WG_Alessio\100_DB_Matfiles_WormGear\CAE019526_i25_MY25_Globoid_Loop1s\model\01_MY23_Zytel02_T-10_M125\FEM_Medina.zip
\\Bosch.com\DFsRB\DIV\VM\Engineering\EPS\CAE\ICN\scratch\MATFILES_WG_Alessio\100_DB_Matfiles_WormGear\CAE019714_Globoid_Zytel02_Step1b\model\20_Waelzschael_1grad\01_CAD.zip
\\Bosch.com\DFsRB\DIV\VM\Engineering\EPS\CAE\ICN\scratch\MATFILES_WG_Alessio\100_DB_Matfiles_WormGear\CAE019714_Globoid_Zytel02_Step1b\model\20_Waelzschael_1grad\02_Hypermesh.zip
\\Bosch.com\DFsRB\DIV\VM\Engineering\EPS\CAE\ICN\scratch\MATFILES_WG_Alessio\100_DB_Matfiles_WormGear\CAE019714_Globoid_Zytel02_Step1b\model\20_Waelzschael_1grad\03_Medina.zip
\\Bosch.com\DFsRB\DIV\VM\Engineering\EPS\CAE\ICN\scratch\MATFILES_WG_Alessio\100_DB_Matfiles_WormGear\CAE019526_i25_MY25_Globoid_Loop1s\model\OK_MY25_Globoid_Zytel02_T-10_M140\Ergebnisse_TXT.zip
\\Bosch.com\DFsRB\DIV\VM\Engineering\EPS\CAE\ICN\scratch\MATFILES_WG_Alessio\100_DB_Matfiles_WormGear\CAE019526_i25_MY25_Globoid_Loop1s\model\OK_MY25_Globoid_Zytel02_T-10_M140\FEM_Medina.zip
\\Bosch.com\DFsRB\DIV\VM\Engineering\EPS\CAE\ICN\scratch\MATFILES_WG_Alessio\100_DB_Matfiles_WormGear\CAE019526_i25_MY25_Globoid_Loop1s\model\02_MY23_Zytel02_T-10_M140\Ergebnisse_TXT.zip
\\Bosch.com\DFsRB\DIV\VM\Engineering\EPS\CAE\ICN\scratch\MATFILES_WG_Alessio\100_DB_Matfiles_WormGear\CAE019526_i25_MY25_Globoid_Loop1s\model\02_MY23_Zytel02_T-10_M140\FEM_Medina.zip
\\Bosch.com\DFsRB\DIV\VM\Engineering\EPS\CAE\ICN\scratch\MATFILES_WG_Alessio\100_DB_Matfiles_WormGear\CAE019526_i25_MY25_Globoid_Loop1s\model\OK_MY25_Globoid_Zytel02_T23_M125\Ergebnisse_TXT.zip
\\Bosch.com\DFsRB\DIV\VM\Engineering\EPS\CAE\ICN\scratch\MATFILES_WG_Alessio\100_DB_Matfiles_WormGear\CAE019526_i25_MY25_Globoid_Loop1s\model\OK_MY25_Globoid_Zytel02_T23_M125\FEM_Medina.zip
\\Bosch.com\DFsRB\DIV\VM\Engineering\EPS\CAE\ICN\scratch\MATFILES_WG_Alessio\100_DB_Matfiles_WormGear\CAE019526_i25_MY25_Globoid_Loop1s\model\OK_MY25_Globoid_Zytel02_T23_M140\Ergebnisse_TXT.zip
\\Bosch.com\DFsRB\DIV\VM\Engineering\EPS\CAE\ICN\scratch\MATFILES_WG_Alessio\100_DB_Matfiles_WormGear\CAE019526_i25_MY25_Globoid_Loop1s\model\OK_MY25_Globoid_Zytel02_T23_M140\FEM_Medina.zip
\\Bosch.com\DFsRB\DIV\VM\Engineering\EPS\CAE\ICN\scratch\MATFILES_WG_Alessio\100_DB_Matfiles_WormGear\CAE019526_i25_MY25_Globoid_Loop1s\model\OK_MY25_Globoid_Zytel02_T-10_M125\Ergebnisse_TXT.zip
\\Bosch.com\DFsRB\DIV\VM\Engineering\EPS\CAE\ICN\scratch\MATFILES_WG_Alessio\100_DB_Matfiles_WormGear\CAE019526_i25_MY25_Globoid_Loop1s\model\OK_MY25_Globoid_Zytel02_T-10_M125\FEM_Medina.zip
\\Bosch.com\DFsRB\DIV\VM\Engineering\EPS\CAE\ICN\scratch\MATFILES_WG_Alessio\100_DB_Matfiles_WormGear\CAE019526_i25_MY25_Globoid_Loop1s\model\31_MY25_Globoid_Waelzschael_Zytel51EFB_T80_M125\Ergebnisse_TXT.zip
\\Bosch.com\DFsRB\DIV\VM\Engineering\EPS\CAE\ICN\scratch\MATFILES_WG_Alessio\100_DB_Matfiles_WormGear\CAE019526_i25_MY25_Globoid_Loop1s\model\31_MY25_Globoid_Waelzschael_Zytel51EFB_T80_M125\FEM_Medina.zip
\\Bosch.com\DFsRB\DIV\VM\Engineering\EPS\CAE\ICN\scratch\MATFILES_WG_Alessio\100_DB_Matfiles_WormGear\CAE019526_i25_MY25_Globoid_Loop1s\model\OK_MY25_Globoid_Zytel02_T80_M125\Ergebnisse_TXT.zip
\\Bosch.com\DFsRB\DIV\VM\Engineering\EPS\CAE\ICN\scratch\MATFILES_WG_Alessio\100_DB_Matfiles_WormGear\CAE019526_i25_MY25_Globoid_Loop1s\model\OK_MY25_Globoid_Zytel02_T80_M125\FEM_Medina.zip
\\Bosch.com\DFsRB\DIV\VM\Engineering\EPS\CAE\ICN\scratch\MATFILES_WG_Alessio\100_DB_Matfiles_WormGear\CAE019526_i25_MY25_Globoid_Loop1s\model\OK_MY25_Globoid_Zytel02_T80_M140\Ergebnisse_TXT.zip
\\Bosch.com\DFsRB\DIV\VM\Engineering\EPS\CAE\ICN\scratch\MATFILES_WG_Alessio\100_DB_Matfiles_WormGear\CAE019526_i25_MY25_Globoid_Loop1s\model\OK_MY25_Globoid_Zytel02_T80_M140\FEM_Medina.zip
\\Bosch.com\DFsRB\DIV\VM\Engineering\EPS\CAE\ICN\scratch\MATFILES_WG_Alessio\100_DB_Matfiles_WormGear\CAE020991_MRA2_Zytel01\model\02_i20_MRA2_Zytel51EFB_T80_M100\Ergebnisse_TXT.zip
\\Bosch.com\DFsRB\DIV\VM\Engineering\EPS\CAE\ICN\scratch\MATFILES_WG_Alessio\100_DB_Matfiles_WormGear\CAE020991_MRA2_Zytel01\model\02_i20_MRA2_Zytel51EFB_T80_M100\FEM_Medina.zip
\\Bosch.com\DFsRB\DIV\VM\Engineering\EPS\CAE\ICN\scratch\MATFILES_WG_Alessio\100_DB_Matfiles_WormGear\CAE020991_MRA2_Zytel01\model\11_i21_SG323_Zytel51EFB_T23_M110\Ergebnisse_TXT.zip
\\Bosch.com\DFsRB\DIV\VM\Engineering\EPS\CAE\ICN\scratch\MATFILES_WG_Alessio\100_DB_Matfiles_WormGear\CAE020991_MRA2_Zytel01\model\11_i21_SG323_Zytel51EFB_T23_M110\FEM_Medina.zip
\\Bosch.com\DFsRB\DIV\VM\Engineering\EPS\CAE\ICN\scratch\MATFILES_WG_Alessio\100_DB_Matfiles_WormGear\CAE019526_i25_MY25_Globoid_Loop1s\model\OK_MY25_Globoid_Zytel51EFB_T80_M125\Ergebnisse_TXT.zip
\\Bosch.com\DFsRB\DIV\VM\Engineering\EPS\CAE\ICN\scratch\MATFILES_WG_Alessio\100_DB_Matfiles_WormGear\CAE019526_i25_MY25_Globoid_Loop1s\model\OK_MY25_Globoid_Zytel51EFB_T80_M125\FEM_Medina.zip
\\Bosch.com\DFsRB\DIV\VM\Engineering\EPS\CAE\ICN\scratch\MATFILES_WG_Alessio\100_DB_Matfiles_WormGear\CAE020991_MRA2_Zytel01\model\01_i20_MRA2_Zytel51EFB_T23_M100\Ergebnisse_TXT.zip
\\Bosch.com\DFsRB\DIV\VM\Engineering\EPS\CAE\ICN\scratch\MATFILES_WG_Alessio\100_DB_Matfiles_WormGear\CAE020991_MRA2_Zytel01\model\01_i20_MRA2_Zytel51EFB_T23_M100\FEM_Medina.zip
\\Bosch.com\DFsRB\DIV\VM\Engineering\EPS\CAE\ICN\scratch\MATFILES_WG_Alessio\100_DB_Matfiles_WormGear\CAE020991_MRA2_Zytel01\model\12_i21_SG323_Zytel51EFB_T80_M110\Ergebnisse_TXT.zip
\\Bosch.com\DFsRB\DIV\VM\Engineering\EPS\CAE\ICN\scratch\MATFILES_WG_Alessio\100_DB_Matfiles_WormGear\CAE020991_MRA2_Zytel01\model\12_i21_SG323_Zytel51EFB_T80_M110\FEM_Medina.zip
\\Bosch.com\DFsRB\DIV\VM\Engineering\EPS\CAE\ICN\scratch\MATFILES_WG_Alessio\100_DB_Matfiles_WormGear\CAE020790_MY23_i25_Globoid\model\01_i25_Cyl_Delrin100_T23_M140\Ergebnisse_TXT.zip
\\Bosch.com\DFsRB\DIV\VM\Engineering\EPS\CAE\ICN\scratch\MATFILES_WG_Alessio\100_DB_Matfiles_WormGear\CAE020790_MY23_i25_Globoid\model\01_i25_Cyl_Delrin100_T23_M140\FEM_Medina.zip
\\Bosch.com\DFsRB\DIV\VM\Engineering\EPS\CAE\ICN\scratch\MATFILES_WG_Alessio\100_DB_Matfiles_WormGear\CAE020790_MY23_i25_Globoid\model\02_i25_Cyl_Delrin100_T80_M140\Ergebnisse_TXT.zip
\\Bosch.com\DFsRB\DIV\VM\Engineering\EPS\CAE\ICN\scratch\MATFILES_WG_Alessio\100_DB_Matfiles_WormGear\CAE020790_MY23_i25_Globoid\model\02_i25_Cyl_Delrin100_T80_M140\FEM_Medina.zip
\\Bosch.com\DFsRB\DIV\VM\Engineering\EPS\CAE\ICN\scratch\MATFILES_WG_Alessio\100_DB_Matfiles_WormGear\CAE020790_MY23_i25_Globoid\model\03_i25_Cyl_Zytel02_T23_M140\Ergebnisse_TXT.zip
\\Bosch.com\DFsRB\DIV\VM\Engineering\EPS\CAE\ICN\scratch\MATFILES_WG_Alessio\100_DB_Matfiles_WormGear\CAE020790_MY23_i25_Globoid\model\03_i25_Cyl_Zytel02_T23_M140\FEM_Medina.zip
\\Bosch.com\DFsRB\DIV\VM\Engineering\EPS\CAE\ICN\scratch\MATFILES_WG_Alessio\100_DB_Matfiles_WormGear\CAE020790_MY23_i25_Globoid\model\05_i25_Glob_Loop4a_Var9_Delrin100_T23_M140\Ergebnisse_TXT.zip
\\Bosch.com\DFsRB\DIV\VM\Engineering\EPS\CAE\ICN\scratch\MATFILES_WG_Alessio\100_DB_Matfiles_WormGear\CAE020790_MY23_i25_Globoid\model\05_i25_Glob_Loop4a_Var9_Delrin100_T23_M140\FEM_Medina.zip
\\Bosch.com\DFsRB\DIV\VM\Engineering\EPS\CAE\ICN\scratch\MATFILES_WG_Alessio\100_DB_Matfiles_WormGear\CAE020790_MY23_i25_Globoid\model\08_i25_Cyl_Zytel51EFB_T80_M140\Ergebnisse_TXT.zip
\\Bosch.com\DFsRB\DIV\VM\Engineering\EPS\CAE\ICN\scratch\MATFILES_WG_Alessio\100_DB_Matfiles_WormGear\CAE020790_MY23_i25_Globoid\model\08_i25_Cyl_Zytel51EFB_T80_M140\FEM_Medina.zip
\\Bosch.com\DFsRB\DIV\VM\Engineering\EPS\CAE\ICN\scratch\MATFILES_WG_Alessio\100_DB_Matfiles_WormGear\CAE020790_MY23_i25_Globoid\model\06_i25_Glob_Loop4a_Var9_Delrin100_T80_M140\Ergebnisse_TXT.zip
\\Bosch.com\DFsRB\DIV\VM\Engineering\EPS\CAE\ICN\scratch\MATFILES_WG_Alessio\100_DB_Matfiles_WormGear\CAE020790_MY23_i25_Globoid\model\06_i25_Glob_Loop4a_Var9_Delrin100_T80_M140\FEM_Medina.zip
\\Bosch.com\DFsRB\DIV\VM\Engineering\EPS\CAE\ICN\scratch\MATFILES_WG_Alessio\100_DB_Matfiles_WormGear\CAE021121_GloboidWorm_i24p5\model\11_V6_T1_Zytel02_T23_M140\Ergebnisse_TXT.zip
\\Bosch.com\DFsRB\DIV\VM\Engineering\EPS\CAE\ICN\scratch\MATFILES_WG_Alessio\100_DB_Matfiles_WormGear\CAE021121_GloboidWorm_i24p5\model\11_V6_T1_Zytel02_T23_M140\FEM_Medina.zip
\\Bosch.com\DFsRB\DIV\VM\Engineering\EPS\CAE\ICN\scratch\MATFILES_WG_Alessio\100_DB_Matfiles_WormGear\CAE020790_MY23_i25_Globoid\model\07_i25_Cyl_Zytel51EFB_T23_M140\Ergebnisse_TXT.zip
\\Bosch.com\DFsRB\DIV\VM\Engineering\EPS\CAE\ICN\scratch\MATFILES_WG_Alessio\100_DB_Matfiles_WormGear\CAE020790_MY23_i25_Globoid\model\07_i25_Cyl_Zytel51EFB_T23_M140\FEM_Medina.zip
\\Bosch.com\DFsRB\DIV\VM\Engineering\EPS\CAE\ICN\scratch\MATFILES_WG_Alessio\100_DB_Matfiles_WormGear\CAE020790_MY23_i25_Globoid\model\04_i25_Cyl_Zytel02_T80_M140\Ergebnisse_TXT.zip
\\Bosch.com\DFsRB\DIV\VM\Engineering\EPS\CAE\ICN\scratch\MATFILES_WG_Alessio\100_DB_Matfiles_WormGear\CAE020790_MY23_i25_Globoid\model\04_i25_Cyl_Zytel02_T80_M140\FEM_Medina.zip
\\Bosch.com\DFsRB\DIV\VM\Engineering\EPS\CAE\ICN\scratch\MATFILES_WG_Alessio\100_DB_Matfiles_WormGear\CAE021121_GloboidWorm_i24p5\model\12_V6_T1_Zytel02_T80_M140\Ergebnisse_TXT.zip
\\Bosch.com\DFsRB\DIV\VM\Engineering\EPS\CAE\ICN\scratch\MATFILES_WG_Alessio\100_DB_Matfiles_WormGear\CAE021121_GloboidWorm_i24p5\model\12_V6_T1_Zytel02_T80_M140\FEM_Medina.zip
\\Bosch.com\DFsRB\DIV\VM\Engineering\EPS\CAE\ICN\scratch\MATFILES_WG_Alessio\100_DB_Matfiles_WormGear\CAE021121_GloboidWorm_i24p5\model\13_V7_T2_Zytel02_T23_M140\Ergebnisse_TXT.zip
\\Bosch.com\DFsRB\DIV\VM\Engineering\EPS\CAE\ICN\scratch\MATFILES_WG_Alessio\100_DB_Matfiles_WormGear\CAE021121_GloboidWorm_i24p5\model\13_V7_T2_Zytel02_T23_M140\FEM_Medina.zip
\\Bosch.com\DFsRB\DIV\VM\Engineering\EPS\CAE\ICN\scratch\MATFILES_WG_Alessio\100_DB_Matfiles_WormGear\CAE021121_GloboidWorm_i24p5\model\22_V13_Zytel02_T80_M140\Ergebnisse_TXT.zip
\\Bosch.com\DFsRB\DIV\VM\Engineering\EPS\CAE\ICN\scratch\MATFILES_WG_Alessio\100_DB_Matfiles_WormGear\CAE021121_GloboidWorm_i24p5\model\22_V13_Zytel02_T80_M140\FEM_Medina.zip
\\Bosch.com\DFsRB\DIV\VM\Engineering\EPS\CAE\ICN\scratch\MATFILES_WG_Alessio\100_DB_Matfiles_WormGear\CAE021121_GloboidWorm_i24p5\model\23_V13_POM_Delrin100CPE_T23_M140\Ergebnisse_TXT.zip
\\Bosch.com\DFsRB\DIV\VM\Engineering\EPS\CAE\ICN\scratch\MATFILES_WG_Alessio\100_DB_Matfiles_WormGear\CAE021121_GloboidWorm_i24p5\model\23_V13_POM_Delrin100CPE_T23_M140\FEM_Medina.zip
\\Bosch.com\DFsRB\DIV\VM\Engineering\EPS\CAE\ICN\scratch\MATFILES_WG_Alessio\100_DB_Matfiles_WormGear\CAE021121_GloboidWorm_i24p5\model\14_V7_T2_Zytel02_T80_M140\Ergebnisse_TXT.zip
\\Bosch.com\DFsRB\DIV\VM\Engineering\EPS\CAE\ICN\scratch\MATFILES_WG_Alessio\100_DB_Matfiles_WormGear\CAE021121_GloboidWorm_i24p5\model\14_V7_T2_Zytel02_T80_M140\FEM_Medina.zip
\\Bosch.com\DFsRB\DIV\VM\Engineering\EPS\CAE\ICN\scratch\MATFILES_WG_Alessio\100_DB_Matfiles_WormGear\CAE021121_GloboidWorm_i24p5\model\21_V13_Zytel02_T23_M140\Ergebnisse_TXT.zip
\\Bosch.com\DFsRB\DIV\VM\Engineering\EPS\CAE\ICN\scratch\MATFILES_WG_Alessio\100_DB_Matfiles_WormGear\CAE021121_GloboidWorm_i24p5\model\21_V13_Zytel02_T23_M140\FEM_Medina.zip
\\Bosch.com\DFsRB\DIV\VM\Engineering\EPS\CAE\ICN\scratch\MATFILES_WG_Alessio\100_DB_Matfiles_WormGear\CAE021121_GloboidWorm_i24p5\model\24_V13_POM_Delrin100CPE_T80_M140\Ergebnisse_TXT.zip
\\Bosch.com\DFsRB\DIV\VM\Engineering\EPS\CAE\ICN\scratch\MATFILES_WG_Alessio\100_DB_Matfiles_WormGear\CAE021121_GloboidWorm_i24p5\model\24_V13_POM_Delrin100CPE_T80_M140\FEM_Medina.zip
\\Bosch.com\DFsRB\DIV\VM\Engineering\EPS\CAE\ICN\scratch\MATFILES_WG_Alessio\100_DB_Matfiles_WormGear\CAE021121_GloboidWorm_i24p5\model\31_V14_Zytel02_T23_M140\Ergebnisse_TXT.zip
\\Bosch.com\DFsRB\DIV\VM\Engineering\EPS\CAE\ICN\scratch\MATFILES_WG_Alessio\100_DB_Matfiles_WormGear\CAE021121_GloboidWorm_i24p5\model\31_V14_Zytel02_T23_M140\FEM_Medina.zip
\\Bosch.com\DFsRB\DIV\VM\Engineering\EPS\CAE\ICN\scratch\MATFILES_WG_Alessio\100_DB_Matfiles_WormGear\CAE021121_GloboidWorm_i24p5\model\32_V14_Zytel02_T80_M140\Ergebnisse_TXT.zip
\\Bosch.com\DFsRB\DIV\VM\Engineering\EPS\CAE\ICN\scratch\MATFILES_WG_Alessio\100_DB_Matfiles_WormGear\CAE021121_GloboidWorm_i24p5\model\32_V14_Zytel02_T80_M140\FEM_Medina.zip
\\Bosch.com\DFsRB\DIV\VM\Engineering\EPS\CAE\ICN\scratch\MATFILES_WG_Alessio\100_DB_Matfiles_WormGear\CAE021479_TipRelief_SG536_SG323\model\12_i21_IMS_Zytel51EFB_T80_M90\Ergebnisse_TXT.zip
\\Bosch.com\DFsRB\DIV\VM\Engineering\EPS\CAE\ICN\scratch\MATFILES_WG_Alessio\100_DB_Matfiles_WormGear\CAE021479_TipRelief_SG536_SG323\model\12_i21_IMS_Zytel51EFB_T80_M90\FEM_Medina.zip
\\Bosch.com\DFsRB\DIV\VM\Engineering\EPS\CAE\ICN\scratch\MATFILES_WG_Alessio\100_DB_Matfiles_WormGear\CAE021121_GloboidWorm_i24p5\model\34_V16_Zytel02_T80_M140\Ergebnisse_TXT.zip
\\Bosch.com\DFsRB\DIV\VM\Engineering\EPS\CAE\ICN\scratch\MATFILES_WG_Alessio\100_DB_Matfiles_WormGear\CAE021121_GloboidWorm_i24p5\model\34_V16_Zytel02_T80_M140\FEM_Medina.zip
\\Bosch.com\DFsRB\DIV\VM\Engineering\EPS\CAE\ICN\scratch\MATFILES_WG_Alessio\100_DB_Matfiles_WormGear\CAE021121_GloboidWorm_i24p5\model\33_V16_Zytel02_T23_M140\Ergebnisse_TXT.zip
\\Bosch.com\DFsRB\DIV\VM\Engineering\EPS\CAE\ICN\scratch\MATFILES_WG_Alessio\100_DB_Matfiles_WormGear\CAE021121_GloboidWorm_i24p5\model\33_V16_Zytel02_T23_M140\FEM_Medina.zip
\\Bosch.com\DFsRB\DIV\VM\Engineering\EPS\CAE\ICN\scratch\MATFILES_WG_Alessio\100_DB_Matfiles_WormGear\CAE021479_TipRelief_SG536_SG323\model\11_i21_IMS_Zytel51EFB_T23_M90\Ergebnisse_TXT.zip
\\Bosch.com\DFsRB\DIV\VM\Engineering\EPS\CAE\ICN\scratch\MATFILES_WG_Alessio\100_DB_Matfiles_WormGear\CAE021479_TipRelief_SG536_SG323\model\11_i21_IMS_Zytel51EFB_T23_M90\FEM_Medina.zip
\\Bosch.com\DFsRB\DIV\VM\Engineering\EPS\CAE\ICN\scratch\MATFILES_WG_Alessio\100_DB_Matfiles_WormGear\CAE021479_TipRelief_SG536_SG323\model\14_i21_WaP_Zytel51EFB_T80_M90\Ergebnisse_TXT.zip
\\Bosch.com\DFsRB\DIV\VM\Engineering\EPS\CAE\ICN\scratch\MATFILES_WG_Alessio\100_DB_Matfiles_WormGear\CAE021479_TipRelief_SG536_SG323\model\14_i21_WaP_Zytel51EFB_T80_M90\FEM_Medina.zip
\\Bosch.com\DFsRB\DIV\VM\Engineering\EPS\CAE\ICN\scratch\MATFILES_WG_Alessio\100_DB_Matfiles_WormGear\CAE021479_TipRelief_SG536_SG323\model\15_i21_Bosch_Zytel51EFB_T23_M90\Ergebnisse_TXT.zip
\\Bosch.com\DFsRB\DIV\VM\Engineering\EPS\CAE\ICN\scratch\MATFILES_WG_Alessio\100_DB_Matfiles_WormGear\CAE021479_TipRelief_SG536_SG323\model\15_i21_Bosch_Zytel51EFB_T23_M90\FEM_Medina.zip
\\Bosch.com\DFsRB\DIV\VM\Engineering\EPS\CAE\ICN\scratch\MATFILES_WG_Alessio\100_DB_Matfiles_WormGear\CAE021479_TipRelief_SG536_SG323\model\13_i21_WaP_Zytel51EFB_T23_M90\Ergebnisse_TXT.zip
\\Bosch.com\DFsRB\DIV\VM\Engineering\EPS\CAE\ICN\scratch\MATFILES_WG_Alessio\100_DB_Matfiles_WormGear\CAE021479_TipRelief_SG536_SG323\model\13_i21_WaP_Zytel51EFB_T23_M90\FEM_Medina.zip
\\Bosch.com\DFsRB\DIV\VM\Engineering\EPS\CAE\ICN\scratch\MATFILES_WG_Alessio\100_DB_Matfiles_WormGear\CAE021479_TipRelief_SG536_SG323\model\16_i21_Bosch_Zytel51EFB_T80_M90\Ergebnisse_TXT.zip
\\Bosch.com\DFsRB\DIV\VM\Engineering\EPS\CAE\ICN\scratch\MATFILES_WG_Alessio\100_DB_Matfiles_WormGear\CAE021479_TipRelief_SG536_SG323\model\16_i21_Bosch_Zytel51EFB_T80_M90\FEM_Medina.zip
\\Bosch.com\DFsRB\DIV\VM\Engineering\EPS\CAE\ICN\scratch\MATFILES_WG_Alessio\100_DB_Matfiles_WormGear\CAE022613_LCV_vs_GEN1_PEEK_Zytel01\model\13_GEN1_PEEK_T23_M125\Ergebnisse_TXT.zip
\\Bosch.com\DFsRB\DIV\VM\Engineering\EPS\CAE\ICN\scratch\MATFILES_WG_Alessio\100_DB_Matfiles_WormGear\CAE022613_LCV_vs_GEN1_PEEK_Zytel01\model\13_GEN1_PEEK_T23_M125\FEM_Medina.zip
\\Bosch.com\DFsRB\DIV\VM\Engineering\EPS\CAE\ICN\scratch\MATFILES_WG_Alessio\100_DB_Matfiles_WormGear\CAE022613_LCV_vs_GEN1_PEEK_Zytel01\model\11_LCV_PEEK_T23_M150\Ergebnisse_TXT.zip
\\Bosch.com\DFsRB\DIV\VM\Engineering\EPS\CAE\ICN\scratch\MATFILES_WG_Alessio\100_DB_Matfiles_WormGear\CAE022613_LCV_vs_GEN1_PEEK_Zytel01\model\11_LCV_PEEK_T23_M150\FEM_Medina.zip
\\Bosch.com\DFsRB\DIV\VM\Engineering\EPS\CAE\ICN\scratch\MATFILES_WG_Alessio\100_DB_Matfiles_WormGear\CAE022613_LCV_vs_GEN1_PEEK_Zytel01\model\12_LCV_PEEK_T80_M150\Ergebnisse_TXT.zip
\\Bosch.com\DFsRB\DIV\VM\Engineering\EPS\CAE\ICN\scratch\MATFILES_WG_Alessio\100_DB_Matfiles_WormGear\CAE022613_LCV_vs_GEN1_PEEK_Zytel01\model\12_LCV_PEEK_T80_M150\FEM_Medina.zip
\\Bosch.com\DFsRB\DIV\VM\Engineering\EPS\CAE\ICN\scratch\MATFILES_WG_Alessio\100_DB_Matfiles_WormGear\CAE022613_LCV_vs_GEN1_PEEK_Zytel01\model\21_LCV_Zytel01_T23_M150\Ergebnisse_TXT.zip
\\Bosch.com\DFsRB\DIV\VM\Engineering\EPS\CAE\ICN\scratch\MATFILES_WG_Alessio\100_DB_Matfiles_WormGear\CAE022613_LCV_vs_GEN1_PEEK_Zytel01\model\21_LCV_Zytel01_T23_M150\FEM_Medina.zip
\\Bosch.com\DFsRB\DIV\VM\Engineering\EPS\CAE\ICN\scratch\MATFILES_WG_Alessio\100_DB_Matfiles_WormGear\CAE022613_LCV_vs_GEN1_PEEK_Zytel01\model\24_GEN1_Zytel01_T80_M125\Ergebnisse_TXT.zip
\\Bosch.com\DFsRB\DIV\VM\Engineering\EPS\CAE\ICN\scratch\MATFILES_WG_Alessio\100_DB_Matfiles_WormGear\CAE022613_LCV_vs_GEN1_PEEK_Zytel01\model\24_GEN1_Zytel01_T80_M125\FEM_Medina.zip
\\Bosch.com\DFsRB\DIV\VM\Engineering\EPS\CAE\ICN\scratch\MATFILES_WG_Alessio\100_DB_Matfiles_WormGear\CAE022613_LCV_vs_GEN1_PEEK_Zytel01\model\14_GEN1_PEEK_T80_M125\Ergebnisse_TXT.zip
\\Bosch.com\DFsRB\DIV\VM\Engineering\EPS\CAE\ICN\scratch\MATFILES_WG_Alessio\100_DB_Matfiles_WormGear\CAE022613_LCV_vs_GEN1_PEEK_Zytel01\model\14_GEN1_PEEK_T80_M125\FEM_Medina.zip
\\Bosch.com\DFsRB\DIV\VM\Engineering\EPS\CAE\ICN\scratch\MATFILES_WG_Alessio\100_DB_Matfiles_WormGear\CAE022613_LCV_vs_GEN1_PEEK_Zytel01\model\23_GEN1_Zytel01_T23_M125\Ergebnisse_TXT.zip
\\Bosch.com\DFsRB\DIV\VM\Engineering\EPS\CAE\ICN\scratch\MATFILES_WG_Alessio\100_DB_Matfiles_WormGear\CAE022613_LCV_vs_GEN1_PEEK_Zytel01\model\23_GEN1_Zytel01_T23_M125\FEM_Medina.zip
\\Bosch.com\DFsRB\DIV\VM\Engineering\EPS\CAE\ICN\scratch\MATFILES_WG_Alessio\100_DB_Matfiles_WormGear\CAE024092_i34_SmallV3_Loop1_Loop3\model\Loop3\i34_Small_Globoid_Loop3_T23_M276.zip
\\Bosch.com\DFsRB\DIV\VM\Engineering\EPS\CAE\ICN\scratch\MATFILES_WG_Alessio\100_DB_Matfiles_WormGear\CAE024092_i34_SmallV3_Loop1_Loop3\model\Loop3\i34_Small_Globoid_Loop3_T80_M276.zip
\\Bosch.com\DFsRB\DIV\VM\Engineering\EPS\CAE\ICN\scratch\MATFILES_WG_Alessio\100_DB_Matfiles_WormGear\CAE023158_NewLCV_V4_POM\model\Delrin100\21_LCV_NewV4_Corr_Delrin100CPE_T23_M150.zip
\\Bosch.com\DFsRB\DIV\VM\Engineering\EPS\CAE\ICN\scratch\MATFILES_WG_Alessio\100_DB_Matfiles_WormGear\CAE023158_NewLCV_V4_POM\model\Delrin100\22_LCV_NewV4_Corr_Delrin100CPE_T80_M150.zip
\\Bosch.com\DFsRB\DIV\VM\Engineering\EPS\CAE\ICN\scratch\MATFILES_WG_Alessio\100_DB_Matfiles_WormGear\CAE023158_NewLCV_V4_POM\model\PA66_CF\01_Original_PA66CP_FiberDirection_T23_M150.zip
\\Bosch.com\DFsRB\DIV\VM\Engineering\EPS\CAE\ICN\scratch\MATFILES_WG_Alessio\100_DB_Matfiles_WormGear\CAE023158_NewLCV_V4_POM\model\PA66_CF\02_Original_PA66CP_FiberDirection_T80_M150.zip
\\Bosch.com\DFsRB\DIV\VM\Engineering\EPS\CAE\ICN\scratch\MATFILES_WG_Alessio\100_DB_Matfiles_WormGear\CAE023158_NewLCV_V4_POM\model\PA66_CF\03_Original_PA66CP_FiberDirection_T-40_M150.zip
\\Bosch.com\DFsRB\DIV\VM\Engineering\EPS\CAE\ICN\scratch\MATFILES_WG_Alessio\100_DB_Matfiles_WormGear\CAE022613_LCV_vs_GEN1_PEEK_Zytel01\model\22_LCV_Zytel01_T80_M150\Ergebnisse_TXT.zip
\\Bosch.com\DFsRB\DIV\VM\Engineering\EPS\CAE\ICN\scratch\MATFILES_WG_Alessio\100_DB_Matfiles_WormGear\CAE022613_LCV_vs_GEN1_PEEK_Zytel01\model\22_LCV_Zytel01_T80_M150\FEM_Medina.zip
\\Bosch.com\DFsRB\DIV\VM\Engineering\EPS\CAE\ICN\scratch\MATFILES_WG_Alessio\100_DB_Matfiles_WormGear\CAE024092_i34_SmallV3_Loop1_Loop3\model\Loop1\i34_Small_globoid_T23_M276.zip
\\Bosch.com\DFsRB\DIV\VM\Engineering\EPS\CAE\ICN\scratch\MATFILES_WG_Alessio\100_DB_Matfiles_WormGear\CAE024092_i34_SmallV3_Loop1_Loop3\model\Loop1\i34_Small_globoid_T80_M276.zip
\\Bosch.com\DFsRB\DIV\VM\Engineering\EPS\CAE\ICN\scratch\MATFILES_WG_Alessio\100_DB_Matfiles_WormGear\CAE024074_EPSdp_Highload_I20p5_i20Big\model\i20p5\WG_i20p5_V1_Anom_T80_M100.zip
\\Bosch.com\DFsRB\DIV\VM\Engineering\EPS\CAE\ICN\scratch\MATFILES_WG_Alessio\100_DB_Matfiles_WormGear\CAE024074_EPSdp_Highload_I20p5_i20Big\model\i20p5\WG_i20p5_V2_Anom_T80_M100.zip
\\Bosch.com\DFsRB\DIV\VM\Engineering\EPS\CAE\ICN\scratch\MATFILES_WG_Alessio\100_DB_Matfiles_WormGear\CAE024717_i20_BigV3_vTRR_VDA\model\10_Calculations\i20Big_V3_vTRR_VDA_A52p20_T80_M-100.zip
\\Bosch.com\DFsRB\DIV\VM\Engineering\EPS\CAE\ICN\scratch\MATFILES_WG_Alessio\100_DB_Matfiles_WormGear\CAE024717_i20_BigV3_vTRR_VDA\model\10_Calculations\i20Big_V3_vTRR_VDA_A52p20_T80_M100.zip
\\Bosch.com\DFsRB\DIV\VM\Engineering\EPS\CAE\ICN\scratch\MATFILES_WG_Alessio\100_DB_Matfiles_WormGear\CAE024717_i20_BigV3_vTRR_VDA\model\10_Calculations\Tests_Center_Distance.zip
\\Bosch.com\DFsRB\DIV\VM\Engineering\EPS\CAE\ICN\scratch\MATFILES_WG_Alessio\100_DB_Matfiles_WormGear\CAE025096_i34Small_FinalGeo\model\90_Recalc_Loop4_WheelTEF\i34_small_Loop4_mod_T23_M276.zip
\\Bosch.com\DFsRB\DIV\VM\Engineering\EPS\CAE\ICN\scratch\MATFILES_WG_Alessio\100_DB_Matfiles_WormGear\CAE024717_i20_BigV3_vTRR_VDA\model\11_FurtherCenterDistances\10_ShearArea.zip
\\Bosch.com\DFsRB\DIV\VM\Engineering\EPS\CAE\ICN\scratch\MATFILES_WG_Alessio\100_DB_Matfiles_WormGear\CAE024717_i20_BigV3_vTRR_VDA\model\11_FurtherCenterDistances\i20Big_V3_vTRR_VDA_A51p96_T80_M-100.zip
\\Bosch.com\DFsRB\DIV\VM\Engineering\EPS\CAE\ICN\scratch\MATFILES_WG_Alessio\100_DB_Matfiles_WormGear\CAE024717_i20_BigV3_vTRR_VDA\model\11_FurtherCenterDistances\i20Big_V3_vTRR_VDA_A51p96_T80_M100.zip
\\Bosch.com\DFsRB\DIV\VM\Engineering\EPS\CAE\ICN\scratch\MATFILES_WG_Alessio\100_DB_Matfiles_WormGear\CAE024717_i20_BigV3_vTRR_VDA\model\11_FurtherCenterDistances\i20Big_V3_vTRR_VDA_A52p15_T80_M-100.zip
\\Bosch.com\DFsRB\DIV\VM\Engineering\EPS\CAE\ICN\scratch\MATFILES_WG_Alessio\100_DB_Matfiles_WormGear\CAE024717_i20_BigV3_vTRR_VDA\model\11_FurtherCenterDistances\i20Big_V3_vTRR_VDA_A52p15_T80_M100.zip
\\Bosch.com\DFsRB\DIV\VM\Engineering\EPS\CAE\ICN\scratch\MATFILES_WG_Alessio\100_DB_Matfiles_WormGear\CAE024717_i20_BigV3_vTRR_VDA\model\11_FurtherCenterDistances\i20Big_V3_vTRR_VDA_A52p225_T80_M-100.zip
\\Bosch.com\DFsRB\DIV\VM\Engineering\EPS\CAE\ICN\scratch\MATFILES_WG_Alessio\100_DB_Matfiles_WormGear\CAE024717_i20_BigV3_vTRR_VDA\model\11_FurtherCenterDistances\i20Big_V3_vTRR_VDA_A52p225_T80_M100.zip
\\Bosch.com\DFsRB\DIV\VM\Engineering\EPS\CAE\ICN\scratch\MATFILES_WG_Alessio\100_DB_Matfiles_WormGear\CAE025663_VW_MQB37W_RHD_Worm\model\10_WormRootStress\i21_IMS_T-40_dry_WormEval.zip
\\Bosch.com\DFsRB\DIV\VM\Engineering\EPS\CAE\ICN\scratch\MATFILES_WG_Alessio\100_DB_Matfiles_WormGear\CAE025663_VW_MQB37W_RHD_Worm\model\10_WormRootStress\i21_IMS_T23_cond_WormEval.zip
\\Bosch.com\DFsRB\DIV\VM\Engineering\EPS\CAE\ICN\scratch\MATFILES_WG_Alessio\100_DB_Matfiles_WormGear\CAE025663_VW_MQB37W_RHD_Worm\model\10_WormRootStress\i21_IMS_T80_cond_WormEval.zip
\\Bosch.com\DFsRB\DIV\VM\Engineering\EPS\CAE\ICN\scratch\MATFILES_WG_Alessio\100_DB_Matfiles_WormGear\CAE025036_i20_90mm_ProfileShift_vTRR\model\x1p33_vTRR\i20_x1p33_vTRR_V1_T80_M-100.zip
\\Bosch.com\DFsRB\DIV\VM\Engineering\EPS\CAE\ICN\scratch\MATFILES_WG_Alessio\100_DB_Matfiles_WormGear\CAE025036_i20_90mm_ProfileShift_vTRR\model\x1p33_vTRR\i20_x1p33_vTRR_V1_T80_M100.zip
\\Bosch.com\DFsRB\DIV\VM\Engineering\EPS\CAE\ICN\scratch\MATFILES_WG_Alessio\100_DB_Matfiles_WormGear\CAE025036_i20_90mm_ProfileShift_vTRR\model\x1p33_vTRR\i20_x1p33_vTRR_V2_T80_M-100.zip
\\Bosch.com\DFsRB\DIV\VM\Engineering\EPS\CAE\ICN\scratch\MATFILES_WG_Alessio\100_DB_Matfiles_WormGear\CAE025036_i20_90mm_ProfileShift_vTRR\model\x1p33_vTRR\i20_x1p33_vTRR_V2_T80_M100.zip
\\Bosch.com\DFsRB\DIV\VM\Engineering\EPS\CAE\ICN\scratch\MATFILES_WG_Alessio\100_DB_Matfiles_WormGear\CAE025036_i20_90mm_ProfileShift_vTRR\model\cylindric_wheel\i20_MRA2_x1p28_Anom_T80_M100.zip
\\Bosch.com\DFsRB\DIV\VM\Engineering\EPS\CAE\ICN\scratch\MATFILES_WG_Alessio\100_DB_Matfiles_WormGear\CAE025036_i20_90mm_ProfileShift_vTRR\model\cylindric_wheel\i20_MRA2_x1p33_Anom_T80_M100.zip
\\Bosch.com\DFsRB\DIV\VM\Engineering\EPS\CAE\ICN\scratch\MATFILES_WG_Alessio\100_DB_Matfiles_WormGear\CAE024074_EPSdp_Highload_I20p5_i20Big\model\i20_Big\10_i20_Big_V1_Anom_T80_M100.zip
\\Bosch.com\DFsRB\DIV\VM\Engineering\EPS\CAE\ICN\scratch\MATFILES_WG_Alessio\100_DB_Matfiles_WormGear\CAE024074_EPSdp_Highload_I20p5_i20Big\model\i20_Big\11_i20_Big_V2_Anom_T80_M100.zip
\\Bosch.com\DFsRB\DIV\VM\Engineering\EPS\CAE\ICN\scratch\MATFILES_WG_Alessio\100_DB_Matfiles_WormGear\CAE024074_EPSdp_Highload_I20p5_i20Big\model\i20_Big\12_i20_Big_V3_Anom_T80_M100.zip
\\Bosch.com\DFsRB\DIV\VM\Engineering\EPS\CAE\ICN\scratch\MATFILES_WG_Alessio\100_DB_Matfiles_WormGear\CAE024074_EPSdp_Highload_I20p5_i20Big\model\i20_Big\13_i20_Big_V3_Anom_T80_M-100.zip
\\Bosch.com\DFsRB\DIV\VM\Engineering\EPS\CAE\ICN\scratch\MATFILES_WG_Alessio\100_DB_Matfiles_WormGear\CAE024074_EPSdp_Highload_I20p5_i20Big\model\i20_Big\20_i20_Big_V3_17p4_T80_M100.zip
\\Bosch.com\DFsRB\DIV\VM\Engineering\EPS\CAE\ICN\scratch\MATFILES_WG_Alessio\100_DB_Matfiles_WormGear\CAE024074_EPSdp_Highload_I20p5_i20Big\model\i20_Big\21_i20_Big_V3_17p4_T80_M-100.zip
\\Bosch.com\DFsRB\DIV\VM\Engineering\EPS\CAE\ICN\scratch\MATFILES_WG_Alessio\100_DB_Matfiles_WormGear\CAE009771_MeshStudy_i20_i21\model\03_OriginalWorm_WheelVeryFine\9Step_TeethVeryFine\Ergebnisse_TXT.zip
\\Bosch.com\DFsRB\DIV\VM\Engineering\EPS\CAE\ICN\scratch\MATFILES_WG_Alessio\100_DB_Matfiles_WormGear\CAE009771_MeshStudy_i20_i21\model\03_OriginalWorm_WheelVeryFine\9Step_TeethVeryFine\FEM_Medina.zip
\\Bosch.com\DFsRB\DIV\VM\Engineering\EPS\CAE\ICN\scratch\MATFILES_WG_Alessio\100_DB_Matfiles_WormGear\CAE025663_VW_MQB37W_RHD_Worm\model\11_WormBending\i21_IMS_M-90_T80_Cond_New.zip
\\Bosch.com\DFsRB\DIV\VM\Engineering\EPS\CAE\ICN\scratch\MATFILES_WG_Alessio\100_DB_Matfiles_WormGear\CAE025663_VW_MQB37W_RHD_Worm\model\11_WormBending\i21_IMS_M90_T80_Cond_New.zip
\\Bosch.com\DFsRB\DIV\VM\Engineering\EPS\CAE\ICN\scratch\MATFILES_WG_Alessio\100_DB_Matfiles_WormGear\CAE025663_VW_MQB37W_RHD_Worm\model\11_WormBending\i21_IMS_T-40_dry_New.zip
\\Bosch.com\DFsRB\DIV\VM\Engineering\EPS\CAE\ICN\scratch\MATFILES_WG_Alessio\100_DB_Matfiles_WormGear\CAE025663_VW_MQB37W_RHD_Worm\model\11_WormBending\i21_IMS_T23_cond_New.zip
\\Bosch.com\DFsRB\DIV\VM\Engineering\EPS\CAE\ICN\scratch\MATFILES_WG_Alessio\100_DB_Matfiles_WormGear\CAE025663_VW_MQB37W_RHD_Worm\model\11_WormBending\i21_IMS_T80_M-90_cond_Series.zip
\\Bosch.com\DFsRB\DIV\VM\Engineering\EPS\CAE\ICN\scratch\MATFILES_WG_Alessio\100_DB_Matfiles_WormGear\CAE025663_VW_MQB37W_RHD_Worm\model\11_WormBending\i21_IMS_T80_M90_cond_Series.zip
\\Bosch.com\DFsRB\DIV\VM\Engineering\EPS\CAE\ICN\scratch\MATFILES_WG_Alessio\100_DB_Matfiles_WormGear\CAE009771_MeshStudy_i20_i21\model\02_OriginalWorm_WheelFine\9Step_Teeth_Fine\Ergebnisse_TXT.zip
\\Bosch.com\DFsRB\DIV\VM\Engineering\EPS\CAE\ICN\scratch\MATFILES_WG_Alessio\100_DB_Matfiles_WormGear\CAE009771_MeshStudy_i20_i21\model\02_OriginalWorm_WheelFine\9Step_Teeth_Fine\FEM_Medina.zip
\\Bosch.com\DFsRB\DIV\VM\Engineering\EPS\CAE\ICN\scratch\MATFILES_WG_Alessio\100_DB_Matfiles_WormGear\CAE009771_MeshStudy_i20_i21\model\04_NewWorm_OrigTeeth\12Stellungen\Ergebnisse_TXT.zip
\\Bosch.com\DFsRB\DIV\VM\Engineering\EPS\CAE\ICN\scratch\MATFILES_WG_Alessio\100_DB_Matfiles_WormGear\CAE009771_MeshStudy_i20_i21\model\04_NewWorm_OrigTeeth\12Stellungen\FEM_Medina.zip
\\Bosch.com\DFsRB\DIV\VM\Engineering\EPS\CAE\ICN\scratch\MATFILES_WG_Alessio\100_DB_Matfiles_WormGear\CAE009771_MeshStudy_i20_i21\model\05_NewWorm_WheelFine\9Stell_NewWorm_TeethFine\Ergebnisse_TXT.zip
\\Bosch.com\DFsRB\DIV\VM\Engineering\EPS\CAE\ICN\scratch\MATFILES_WG_Alessio\100_DB_Matfiles_WormGear\CAE009771_MeshStudy_i20_i21\model\05_NewWorm_WheelFine\9Stell_NewWorm_TeethFine\FEM_Medina.zip
\\Bosch.com\DFsRB\DIV\VM\Engineering\EPS\CAE\ICN\scratch\MATFILES_WG_Alessio\100_DB_Matfiles_WormGear\CAE009771_MeshStudy_i20_i21\model\07_NewWorm_WheelFineMix\12Stell\Ergebnisse_TXT.zip
\\Bosch.com\DFsRB\DIV\VM\Engineering\EPS\CAE\ICN\scratch\MATFILES_WG_Alessio\100_DB_Matfiles_WormGear\CAE009771_MeshStudy_i20_i21\model\07_NewWorm_WheelFineMix\12Stell\FEM_Medina.zip
\\Bosch.com\DFsRB\DIV\VM\Engineering\EPS\CAE\ICN\scratch\MATFILES_WG_Alessio\100_DB_Matfiles_WormGear\CAE009771_MeshStudy_i20_i21\model\04_NewWorm_OrigTeeth\9Stellungen\Ergebnisse_TXT.zip
\\Bosch.com\DFsRB\DIV\VM\Engineering\EPS\CAE\ICN\scratch\MATFILES_WG_Alessio\100_DB_Matfiles_WormGear\CAE009771_MeshStudy_i20_i21\model\04_NewWorm_OrigTeeth\9Stellungen\FEM_Medina.zip
\\Bosch.com\DFsRB\DIV\VM\Engineering\EPS\CAE\ICN\scratch\MATFILES_WG_Alessio\100_DB_Matfiles_WormGear\CAE009771_MeshStudy_i20_i21\model\04_NewWorm_OrigTeeth\15Stellungen\Ergebnisse_TXT.zip
\\Bosch.com\DFsRB\DIV\VM\Engineering\EPS\CAE\ICN\scratch\MATFILES_WG_Alessio\100_DB_Matfiles_WormGear\CAE009771_MeshStudy_i20_i21\model\04_NewWorm_OrigTeeth\15Stellungen\FEM_Medina.zip
\\Bosch.com\DFsRB\DIV\VM\Engineering\EPS\CAE\ICN\scratch\MATFILES_WG_Alessio\100_DB_Matfiles_WormGear\CAE009771_MeshStudy_i20_i21\model\07_NewWorm_WheelFineMix\15Stell\Ergebnisse_TXT.zip
\\Bosch.com\DFsRB\DIV\VM\Engineering\EPS\CAE\ICN\scratch\MATFILES_WG_Alessio\100_DB_Matfiles_WormGear\CAE009771_MeshStudy_i20_i21\model\07_NewWorm_WheelFineMix\15Stell\FEM_Medina.zip
\\Bosch.com\DFsRB\DIV\VM\Engineering\EPS\CAE\ICN\scratch\MATFILES_WG_Alessio\100_DB_Matfiles_WormGear\CAE009771_MeshStudy_i20_i21\model\07_NewWorm_WheelFineMix\9Stell\Ergebnisse_TXT.zip
\\Bosch.com\DFsRB\DIV\VM\Engineering\EPS\CAE\ICN\scratch\MATFILES_WG_Alessio\100_DB_Matfiles_WormGear\CAE009771_MeshStudy_i20_i21\model\07_NewWorm_WheelFineMix\9Stell\FEM_Medina.zip
\\Bosch.com\DFsRB\DIV\VM\Engineering\EPS\CAE\ICN\scratch\MATFILES_WG_Alessio\100_DB_Matfiles_WormGear\CAE013240_EPScv_Serwolf\model\V08_B18mm\600Nm_LinEl\Ergebnisse_TXT.zip
\\Bosch.com\DFsRB\DIV\VM\Engineering\EPS\CAE\ICN\scratch\MATFILES_WG_Alessio\100_DB_Matfiles_WormGear\CAE013240_EPScv_Serwolf\model\V08_B18mm\600Nm_LinEl\FEM_Medina.zip
\\Bosch.com\DFsRB\DIV\VM\Engineering\EPS\CAE\ICN\scratch\MATFILES_WG_Alessio\100_DB_Matfiles_WormGear\CAE013240_EPScv_Serwolf\model\V08_B18mm\70Nm_ElPl\Ergebnisse_TXT.zip
\\Bosch.com\DFsRB\DIV\VM\Engineering\EPS\CAE\ICN\scratch\MATFILES_WG_Alessio\100_DB_Matfiles_WormGear\CAE013240_EPScv_Serwolf\model\V08_B18mm\70Nm_ElPl\FEM_Medina.zip
\\Bosch.com\DFsRB\DIV\VM\Engineering\EPS\CAE\ICN\scratch\MATFILES_WG_Alessio\100_DB_Matfiles_WormGear\CAE013240_EPScv_Serwolf\model\V08_B18mm\70Nm_LinEl\Ergebnisse_TXT.zip
\\Bosch.com\DFsRB\DIV\VM\Engineering\EPS\CAE\ICN\scratch\MATFILES_WG_Alessio\100_DB_Matfiles_WormGear\CAE013240_EPScv_Serwolf\model\V08_B18mm\70Nm_LinEl\FEM_Medina.zip
\\Bosch.com\DFsRB\DIV\VM\Engineering\EPS\CAE\ICN\scratch\MATFILES_WG_Alessio\100_DB_Matfiles_WormGear\CAE013240_EPScv_Serwolf\model\V08_B28mm\ElPl_600Nm\Ergebnisse_TXT.zip
\\Bosch.com\DFsRB\DIV\VM\Engineering\EPS\CAE\ICN\scratch\MATFILES_WG_Alessio\100_DB_Matfiles_WormGear\CAE013240_EPScv_Serwolf\model\V08_B28mm\ElPl_600Nm\FEM_Medina.zip
\\Bosch.com\DFsRB\DIV\VM\Engineering\EPS\CAE\ICN\scratch\MATFILES_WG_Alessio\100_DB_Matfiles_WormGear\CAE013240_EPScv_Serwolf\model\V08_B18mm\9000Nm_LinEl\Ergebnisse_TXT.zip
\\Bosch.com\DFsRB\DIV\VM\Engineering\EPS\CAE\ICN\scratch\MATFILES_WG_Alessio\100_DB_Matfiles_WormGear\CAE013240_EPScv_Serwolf\model\V08_B18mm\9000Nm_LinEl\FEM_Medina.zip
\\Bosch.com\DFsRB\DIV\VM\Engineering\EPS\CAE\ICN\scratch\MATFILES_WG_Alessio\100_DB_Matfiles_WormGear\CAE013240_EPScv_Serwolf\model\V08_B28mm\ElPl_70Nm\Ergebnisse_TXT.zip
\\Bosch.com\DFsRB\DIV\VM\Engineering\EPS\CAE\ICN\scratch\MATFILES_WG_Alessio\100_DB_Matfiles_WormGear\CAE013240_EPScv_Serwolf\model\V08_B28mm\ElPl_70Nm\FEM_Medina.zip
\\Bosch.com\DFsRB\DIV\VM\Engineering\EPS\CAE\ICN\scratch\MATFILES_WG_Alessio\100_DB_Matfiles_WormGear\CAE013240_EPScv_Serwolf\model\V08_B18mm\600Nm_ElPl\Ergebnisse_TXT.zip
\\Bosch.com\DFsRB\DIV\VM\Engineering\EPS\CAE\ICN\scratch\MATFILES_WG_Alessio\100_DB_Matfiles_WormGear\CAE013240_EPScv_Serwolf\model\V08_B18mm\600Nm_ElPl\FEM_Medina.zip
\\Bosch.com\DFsRB\DIV\VM\Engineering\EPS\CAE\ICN\scratch\MATFILES_WG_Alessio\100_DB_Matfiles_WormGear\CAE013240_EPScv_Serwolf\model\V09_B18mm\ElPl_600Nm\Ergebnisse_TXT.zip
\\Bosch.com\DFsRB\DIV\VM\Engineering\EPS\CAE\ICN\scratch\MATFILES_WG_Alessio\100_DB_Matfiles_WormGear\CAE013240_EPScv_Serwolf\model\V09_B18mm\ElPl_600Nm\FEM_Medina.zip
\\Bosch.com\DFsRB\DIV\VM\Engineering\EPS\CAE\ICN\scratch\MATFILES_WG_Alessio\100_DB_Matfiles_WormGear\CAE013240_EPScv_Serwolf\model\V09_B18mm\ElPl_600Nm_a90p1\Ergebnisse_TXT.zip
\\Bosch.com\DFsRB\DIV\VM\Engineering\EPS\CAE\ICN\scratch\MATFILES_WG_Alessio\100_DB_Matfiles_WormGear\CAE013240_EPScv_Serwolf\model\V09_B18mm\ElPl_600Nm_a90p1\FEM_Medina.zip
\\Bosch.com\DFsRB\DIV\VM\Engineering\EPS\CAE\ICN\scratch\MATFILES_WG_Alessio\100_DB_Matfiles_WormGear\CAE013240_EPScv_Serwolf\model\V09_B18mm\ElPl_70Nm\Ergebnisse_TXT.zip
\\Bosch.com\DFsRB\DIV\VM\Engineering\EPS\CAE\ICN\scratch\MATFILES_WG_Alessio\100_DB_Matfiles_WormGear\CAE013240_EPScv_Serwolf\model\V09_B18mm\ElPl_70Nm\FEM_Medina.zip
\\Bosch.com\DFsRB\DIV\VM\Engineering\EPS\CAE\ICN\scratch\MATFILES_WG_Alessio\100_DB_Matfiles_WormGear\CAE013240_EPScv_Serwolf\model\V2_v10\b2_28mm\01_Script.zip
\\Bosch.com\DFsRB\DIV\VM\Engineering\EPS\CAE\ICN\scratch\MATFILES_WG_Alessio\100_DB_Matfiles_WormGear\CAE013240_EPScv_Serwolf\model\V2_v10\b2_28mm\02_Hypermesh.zip
\\Bosch.com\DFsRB\DIV\VM\Engineering\EPS\CAE\ICN\scratch\MATFILES_WG_Alessio\100_DB_Matfiles_WormGear\CAE013240_EPScv_Serwolf\model\V2_v10\b2_28mm\03_Model_Medina.zip
\\Bosch.com\DFsRB\DIV\VM\Engineering\EPS\CAE\ICN\scratch\MATFILES_WG_Alessio\100_DB_Matfiles_WormGear\CAE013240_EPScv_Serwolf\model\V2_v10\b2_18mm\01_Script.zip
\\Bosch.com\DFsRB\DIV\VM\Engineering\EPS\CAE\ICN\scratch\MATFILES_WG_Alessio\100_DB_Matfiles_WormGear\CAE013240_EPScv_Serwolf\model\V2_v10\b2_18mm\02_Hypermesh.zip
\\Bosch.com\DFsRB\DIV\VM\Engineering\EPS\CAE\ICN\scratch\MATFILES_WG_Alessio\100_DB_Matfiles_WormGear\CAE013240_EPScv_Serwolf\model\V2_v10\b2_18mm\03_Model_Medina.zip
\\Bosch.com\DFsRB\DIV\VM\Engineering\EPS\CAE\ICN\scratch\MATFILES_WG_Alessio\100_DB_Matfiles_WormGear\CAE013240_EPScv_Serwolf\model\V09_B28mm\ElPl_600Nm\Ergebnisse_TXT.zip
\\Bosch.com\DFsRB\DIV\VM\Engineering\EPS\CAE\ICN\scratch\MATFILES_WG_Alessio\100_DB_Matfiles_WormGear\CAE013240_EPScv_Serwolf\model\V09_B28mm\ElPl_600Nm\FEM_Medina.zip
\\Bosch.com\DFsRB\DIV\VM\Engineering\EPS\CAE\ICN\scratch\MATFILES_WG_Alessio\100_DB_Matfiles_WormGear\CAE013240_EPScv_Serwolf\model\V09_B28mm\ElPl_600Nm_a90p1\FEM_Medina.zip
\\Bosch.com\DFsRB\DIV\VM\Engineering\EPS\CAE\ICN\scratch\MATFILES_WG_Alessio\100_DB_Matfiles_WormGear\CAE013240_EPScv_Serwolf\model\V1_v07\b2_18mm\01_Script.zip
\\Bosch.com\DFsRB\DIV\VM\Engineering\EPS\CAE\ICN\scratch\MATFILES_WG_Alessio\100_DB_Matfiles_WormGear\CAE013240_EPScv_Serwolf\model\V1_v07\b2_18mm\02_Hypermesh.zip
\\Bosch.com\DFsRB\DIV\VM\Engineering\EPS\CAE\ICN\scratch\MATFILES_WG_Alessio\100_DB_Matfiles_WormGear\CAE013240_EPScv_Serwolf\model\V1_v07\b2_18mm\03_Medina.zip
\\Bosch.com\DFsRB\DIV\VM\Engineering\EPS\CAE\ICN\scratch\MATFILES_WG_Alessio\100_DB_Matfiles_WormGear\CAE013240_EPScv_Serwolf\model\V09_B28mm\ElPl_70Nm\Ergebnisse_TXT.zip
\\Bosch.com\DFsRB\DIV\VM\Engineering\EPS\CAE\ICN\scratch\MATFILES_WG_Alessio\100_DB_Matfiles_WormGear\CAE013240_EPScv_Serwolf\model\V09_B28mm\ElPl_70Nm\FEM_Medina.zip
\\Bosch.com\DFsRB\DIV\VM\Engineering\EPS\CAE\ICN\scratch\MATFILES_WG_Alessio\100_DB_Matfiles_WormGear\CAE013240_EPScv_Serwolf\model\V1_v07\b2_28mm\01_Script.zip
\\Bosch.com\DFsRB\DIV\VM\Engineering\EPS\CAE\ICN\scratch\MATFILES_WG_Alessio\100_DB_Matfiles_WormGear\CAE013240_EPScv_Serwolf\model\V1_v07\b2_28mm\02_Hypermesh.zip
\\Bosch.com\DFsRB\DIV\VM\Engineering\EPS\CAE\ICN\scratch\MATFILES_WG_Alessio\100_DB_Matfiles_WormGear\CAE013240_EPScv_Serwolf\model\V1_v07\b2_28mm\03_Medina.zip
\\Bosch.com\DFsRB\DIV\VM\Engineering\EPS\CAE\ICN\scratch\MATFILES_WG_Alessio\100_DB_Matfiles_WormGear\CAE012802_Woehler_Curves_IMSamid3\model\i20_Daimler_MRA2\02_SG650_IMSamid3_T80_Mt-120\Ergebnisse_TXT.zip
\\Bosch.com\DFsRB\DIV\VM\Engineering\EPS\CAE\ICN\scratch\MATFILES_WG_Alessio\100_DB_Matfiles_WormGear\CAE012802_Woehler_Curves_IMSamid3\model\i20_Daimler_MRA2\02_SG650_IMSamid3_T80_Mt-120\FEM_Medina.zip
\\Bosch.com\DFsRB\DIV\VM\Engineering\EPS\CAE\ICN\scratch\MATFILES_WG_Alessio\100_DB_Matfiles_WormGear\CAE012802_Woehler_Curves_IMSamid3\model\i20_Daimler_MRA2\13_SG650_IMSamid3_T23_Mt100\Ergebnisse_TXT.zip
\\Bosch.com\DFsRB\DIV\VM\Engineering\EPS\CAE\ICN\scratch\MATFILES_WG_Alessio\100_DB_Matfiles_WormGear\CAE012802_Woehler_Curves_IMSamid3\model\i20_Daimler_MRA2\13_SG650_IMSamid3_T23_Mt100\FEM_Medina.zip
\\Bosch.com\DFsRB\DIV\VM\Engineering\EPS\CAE\ICN\scratch\MATFILES_WG_Alessio\100_DB_Matfiles_WormGear\CAE012802_Woehler_Curves_IMSamid3\model\i20_Daimler_MRA2\01_SG650_IMSamid3_T80_Mt120\Ergebnisse_TXT.zip
\\Bosch.com\DFsRB\DIV\VM\Engineering\EPS\CAE\ICN\scratch\MATFILES_WG_Alessio\100_DB_Matfiles_WormGear\CAE012802_Woehler_Curves_IMSamid3\model\i20_Daimler_MRA2\01_SG650_IMSamid3_T80_Mt120\FEM_Medina.zip
\\Bosch.com\DFsRB\DIV\VM\Engineering\EPS\CAE\ICN\scratch\MATFILES_WG_Alessio\100_DB_Matfiles_WormGear\CAE012802_Woehler_Curves_IMSamid3\model\i20_Daimler_MRA2\11_SG650_IMSamid3_T23_Mt120\Ergebnisse_TXT.zip
\\Bosch.com\DFsRB\DIV\VM\Engineering\EPS\CAE\ICN\scratch\MATFILES_WG_Alessio\100_DB_Matfiles_WormGear\CAE012802_Woehler_Curves_IMSamid3\model\i20_Daimler_MRA2\11_SG650_IMSamid3_T23_Mt120\FEM_Medina.zip
\\Bosch.com\DFsRB\DIV\VM\Engineering\EPS\CAE\ICN\scratch\MATFILES_WG_Alessio\100_DB_Matfiles_WormGear\CAE012802_Woehler_Curves_IMSamid3\model\i20_Daimler_MRA2\03_SG650_IMSamid3_T80_Mt100\Ergebnisse_TXT.zip
\\Bosch.com\DFsRB\DIV\VM\Engineering\EPS\CAE\ICN\scratch\MATFILES_WG_Alessio\100_DB_Matfiles_WormGear\CAE012802_Woehler_Curves_IMSamid3\model\i20_Daimler_MRA2\03_SG650_IMSamid3_T80_Mt100\FEM_Medina.zip
\\Bosch.com\DFsRB\DIV\VM\Engineering\EPS\CAE\ICN\scratch\MATFILES_WG_Alessio\100_DB_Matfiles_WormGear\CAE012802_Woehler_Curves_IMSamid3\model\i20_Daimler_MRA2\06_SG650_IMSamid3_T80_Mt-80\Ergebnisse_TXT.zip
\\Bosch.com\DFsRB\DIV\VM\Engineering\EPS\CAE\ICN\scratch\MATFILES_WG_Alessio\100_DB_Matfiles_WormGear\CAE012802_Woehler_Curves_IMSamid3\model\i20_Daimler_MRA2\06_SG650_IMSamid3_T80_Mt-80\FEM_Medina.zip
\\Bosch.com\DFsRB\DIV\VM\Engineering\EPS\CAE\ICN\scratch\MATFILES_WG_Alessio\100_DB_Matfiles_WormGear\CAE012802_Woehler_Curves_IMSamid3\model\i20_Daimler_MRA2\04_SG650_IMSamid3_T80_Mt-100\Ergebnisse_TXT.zip
\\Bosch.com\DFsRB\DIV\VM\Engineering\EPS\CAE\ICN\scratch\MATFILES_WG_Alessio\100_DB_Matfiles_WormGear\CAE012802_Woehler_Curves_IMSamid3\model\i20_Daimler_MRA2\04_SG650_IMSamid3_T80_Mt-100\FEM_Medina.zip
\\Bosch.com\DFsRB\DIV\VM\Engineering\EPS\CAE\ICN\scratch\MATFILES_WG_Alessio\100_DB_Matfiles_WormGear\CAE012802_Woehler_Curves_IMSamid3\model\i20_Daimler_MRA2\05_SG650_IMSamid3_T80_Mt80\Ergebnisse_TXT.zip
\\Bosch.com\DFsRB\DIV\VM\Engineering\EPS\CAE\ICN\scratch\MATFILES_WG_Alessio\100_DB_Matfiles_WormGear\CAE012802_Woehler_Curves_IMSamid3\model\i20_Daimler_MRA2\05_SG650_IMSamid3_T80_Mt80\FEM_Medina.zip
\\Bosch.com\DFsRB\DIV\VM\Engineering\EPS\CAE\ICN\scratch\MATFILES_WG_Alessio\100_DB_Matfiles_WormGear\CAE012802_Woehler_Curves_IMSamid3\model\i20_Daimler_MRA2\15_SG650_IMSamid3_T23_Mt80\Ergebnisse_TXT.zip
\\Bosch.com\DFsRB\DIV\VM\Engineering\EPS\CAE\ICN\scratch\MATFILES_WG_Alessio\100_DB_Matfiles_WormGear\CAE012802_Woehler_Curves_IMSamid3\model\i20_Daimler_MRA2\15_SG650_IMSamid3_T23_Mt80\FEM_Medina.zip
\\Bosch.com\DFsRB\DIV\VM\Engineering\EPS\CAE\ICN\scratch\MATFILES_WG_Alessio\100_DB_Matfiles_WormGear\CAE012802_Woehler_Curves_IMSamid3\model\i21_EPSc\02_EPSc_80deg_M-90\Ergebnisse_TXT.zip
\\Bosch.com\DFsRB\DIV\VM\Engineering\EPS\CAE\ICN\scratch\MATFILES_WG_Alessio\100_DB_Matfiles_WormGear\CAE012802_Woehler_Curves_IMSamid3\model\i21_EPSc\02_EPSc_80deg_M-90\FEM_Medina.zip
\\Bosch.com\DFsRB\DIV\VM\Engineering\EPS\CAE\ICN\scratch\MATFILES_WG_Alessio\100_DB_Matfiles_WormGear\CAE012802_Woehler_Curves_IMSamid3\model\i21_EPSc\01_EPSc_80deg_M90\Ergebnisse_TXT.zip
\\Bosch.com\DFsRB\DIV\VM\Engineering\EPS\CAE\ICN\scratch\MATFILES_WG_Alessio\100_DB_Matfiles_WormGear\CAE012802_Woehler_Curves_IMSamid3\model\i21_EPSc\01_EPSc_80deg_M90\FEM_Medina.zip
\\Bosch.com\DFsRB\DIV\VM\Engineering\EPS\CAE\ICN\scratch\MATFILES_WG_Alessio\100_DB_Matfiles_WormGear\CAE012802_Woehler_Curves_IMSamid3\model\i21_EPSc\05_EPSc_80deg_M100\Ergebnisse_TXT.zip
\\Bosch.com\DFsRB\DIV\VM\Engineering\EPS\CAE\ICN\scratch\MATFILES_WG_Alessio\100_DB_Matfiles_WormGear\CAE012802_Woehler_Curves_IMSamid3\model\i21_EPSc\05_EPSc_80deg_M100\FEM_Medina.zip
\\Bosch.com\DFsRB\DIV\VM\Engineering\EPS\CAE\ICN\scratch\MATFILES_WG_Alessio\100_DB_Matfiles_WormGear\CAE012802_Woehler_Curves_IMSamid3\model\i21_EPSc\03_EPSc_80deg_M-100\Ergebnisse_TXT.zip
\\Bosch.com\DFsRB\DIV\VM\Engineering\EPS\CAE\ICN\scratch\MATFILES_WG_Alessio\100_DB_Matfiles_WormGear\CAE012802_Woehler_Curves_IMSamid3\model\i21_EPSc\03_EPSc_80deg_M-100\FEM_Medina.zip
\\Bosch.com\DFsRB\DIV\VM\Engineering\EPS\CAE\ICN\scratch\MATFILES_WG_Alessio\100_DB_Matfiles_WormGear\CAE012802_Woehler_Curves_IMSamid3\model\i21_EPSc\04_EPSc_80deg_M-70\Ergebnisse_TXT.zip
\\Bosch.com\DFsRB\DIV\VM\Engineering\EPS\CAE\ICN\scratch\MATFILES_WG_Alessio\100_DB_Matfiles_WormGear\CAE012802_Woehler_Curves_IMSamid3\model\i21_EPSc\04_EPSc_80deg_M-70\FEM_Medina.zip
\\Bosch.com\DFsRB\DIV\VM\Engineering\EPS\CAE\ICN\scratch\MATFILES_WG_Alessio\100_DB_Matfiles_WormGear\CAE012802_Woehler_Curves_IMSamid3\model\i21_EPSc\06_EPSc_80deg_M70\Ergebnisse_TXT.zip
\\Bosch.com\DFsRB\DIV\VM\Engineering\EPS\CAE\ICN\scratch\MATFILES_WG_Alessio\100_DB_Matfiles_WormGear\CAE012802_Woehler_Curves_IMSamid3\model\i21_EPSc\06_EPSc_80deg_M70\FEM_Medina.zip
\\Bosch.com\DFsRB\DIV\VM\Engineering\EPS\CAE\ICN\scratch\MATFILES_WG_Alessio\100_DB_Matfiles_WormGear\CAE012802_Woehler_Curves_IMSamid3\model\i21_EPSc\11_EPSc_23deg_M90\Ergebnisse_TXT.zip
\\Bosch.com\DFsRB\DIV\VM\Engineering\EPS\CAE\ICN\scratch\MATFILES_WG_Alessio\100_DB_Matfiles_WormGear\CAE012802_Woehler_Curves_IMSamid3\model\i21_EPSc\11_EPSc_23deg_M90\FEM_Medina.zip
\\Bosch.com\DFsRB\DIV\VM\Engineering\EPS\CAE\ICN\scratch\MATFILES_WG_Alessio\100_DB_Matfiles_WormGear\CAE012802_Woehler_Curves_IMSamid3\model\i21_EPSc\13_EPSc_23deg_M70\Ergebnisse_TXT.zip
\\Bosch.com\DFsRB\DIV\VM\Engineering\EPS\CAE\ICN\scratch\MATFILES_WG_Alessio\100_DB_Matfiles_WormGear\CAE012802_Woehler_Curves_IMSamid3\model\i21_EPSc\13_EPSc_23deg_M70\FEM_Medina.zip
\\Bosch.com\DFsRB\DIV\VM\Engineering\EPS\CAE\ICN\scratch\MATFILES_WG_Alessio\100_DB_Matfiles_WormGear\CAE012802_Woehler_Curves_IMSamid3\model\i21_EPSc\12_EPSc_23deg_M-90\Ergebnisse_TXT.zip
\\Bosch.com\DFsRB\DIV\VM\Engineering\EPS\CAE\ICN\scratch\MATFILES_WG_Alessio\100_DB_Matfiles_WormGear\CAE012802_Woehler_Curves_IMSamid3\model\i21_EPSc\12_EPSc_23deg_M-90\FEM_Medina.zip
\\Bosch.com\DFsRB\DIV\VM\Engineering\EPS\CAE\ICN\scratch\MATFILES_WG_Alessio\100_DB_Matfiles_WormGear\CAE012802_Woehler_Curves_IMSamid3\model\i21_VW_MQB\01_Model_T80_120Nm_NomCDist\Ergebnisse_TXT.zip
\\Bosch.com\DFsRB\DIV\VM\Engineering\EPS\CAE\ICN\scratch\MATFILES_WG_Alessio\100_DB_Matfiles_WormGear\CAE012802_Woehler_Curves_IMSamid3\model\i21_VW_MQB\01_Model_T80_120Nm_NomCDist\FEM_Medina.zip
\\Bosch.com\DFsRB\DIV\VM\Engineering\EPS\CAE\ICN\scratch\MATFILES_WG_Alessio\100_DB_Matfiles_WormGear\CAE012802_Woehler_Curves_IMSamid3\model\i21_EPSc\14_EPSc_23deg_M-70\Ergebnisse_TXT.zip
\\Bosch.com\DFsRB\DIV\VM\Engineering\EPS\CAE\ICN\scratch\MATFILES_WG_Alessio\100_DB_Matfiles_WormGear\CAE012802_Woehler_Curves_IMSamid3\model\i21_EPSc\14_EPSc_23deg_M-70\FEM_Medina.zip
\\Bosch.com\DFsRB\DIV\VM\Engineering\EPS\CAE\ICN\scratch\MATFILES_WG_Alessio\100_DB_Matfiles_WormGear\CAE012802_Woehler_Curves_IMSamid3\model\i21_VW_MQB\04_Model_T80_-100Nm_NomCDist\Ergebnisse_TXT.zip
\\Bosch.com\DFsRB\DIV\VM\Engineering\EPS\CAE\ICN\scratch\MATFILES_WG_Alessio\100_DB_Matfiles_WormGear\CAE012802_Woehler_Curves_IMSamid3\model\i21_VW_MQB\04_Model_T80_-100Nm_NomCDist\FEM_Medina.zip
\\Bosch.com\DFsRB\DIV\VM\Engineering\EPS\CAE\ICN\scratch\MATFILES_WG_Alessio\100_DB_Matfiles_WormGear\CAE012802_Woehler_Curves_IMSamid3\model\i21_VW_MQB\02_Model_T80_-120Nm_NomCDist\Ergebnisse_TXT.zip
\\Bosch.com\DFsRB\DIV\VM\Engineering\EPS\CAE\ICN\scratch\MATFILES_WG_Alessio\100_DB_Matfiles_WormGear\CAE012802_Woehler_Curves_IMSamid3\model\i21_VW_MQB\02_Model_T80_-120Nm_NomCDist\FEM_Medina.zip
\\Bosch.com\DFsRB\DIV\VM\Engineering\EPS\CAE\ICN\scratch\MATFILES_WG_Alessio\100_DB_Matfiles_WormGear\CAE012802_Woehler_Curves_IMSamid3\model\i21_VW_MQB\05_Model_T80_80Nm_NomCDist\Ergebnisse_TXT.zip
\\Bosch.com\DFsRB\DIV\VM\Engineering\EPS\CAE\ICN\scratch\MATFILES_WG_Alessio\100_DB_Matfiles_WormGear\CAE012802_Woehler_Curves_IMSamid3\model\i21_VW_MQB\05_Model_T80_80Nm_NomCDist\FEM_Medina.zip
\\Bosch.com\DFsRB\DIV\VM\Engineering\EPS\CAE\ICN\scratch\MATFILES_WG_Alessio\100_DB_Matfiles_WormGear\CAE012802_Woehler_Curves_IMSamid3\model\i21_VW_MQB\03_Model_T80_100Nm_NomCDist\Ergebnisse_TXT.zip
\\Bosch.com\DFsRB\DIV\VM\Engineering\EPS\CAE\ICN\scratch\MATFILES_WG_Alessio\100_DB_Matfiles_WormGear\CAE012802_Woehler_Curves_IMSamid3\model\i21_VW_MQB\03_Model_T80_100Nm_NomCDist\FEM_Medina.zip
\\Bosch.com\DFsRB\DIV\VM\Engineering\EPS\CAE\ICN\scratch\MATFILES_WG_Alessio\100_DB_Matfiles_WormGear\CAE012802_Woehler_Curves_IMSamid3\model\i21_VW_MQB\06_Model_T80_-80Nm_NomCDist\Ergebnisse_TXT.zip
\\Bosch.com\DFsRB\DIV\VM\Engineering\EPS\CAE\ICN\scratch\MATFILES_WG_Alessio\100_DB_Matfiles_WormGear\CAE012802_Woehler_Curves_IMSamid3\model\i21_VW_MQB\06_Model_T80_-80Nm_NomCDist\FEM_Medina.zip
\\Bosch.com\DFsRB\DIV\VM\Engineering\EPS\CAE\ICN\scratch\MATFILES_WG_Alessio\100_DB_Matfiles_WormGear\CAE012802_Woehler_Curves_IMSamid3\model\i21_VW_MQB\12_Model_T23_-120Nm_NomCDist\Ergebnisse_TXT.zip
\\Bosch.com\DFsRB\DIV\VM\Engineering\EPS\CAE\ICN\scratch\MATFILES_WG_Alessio\100_DB_Matfiles_WormGear\CAE012802_Woehler_Curves_IMSamid3\model\i21_VW_MQB\12_Model_T23_-120Nm_NomCDist\FEM_Medina.zip
\\Bosch.com\DFsRB\DIV\VM\Engineering\EPS\CAE\ICN\scratch\MATFILES_WG_Alessio\100_DB_Matfiles_WormGear\CAE012802_Woehler_Curves_IMSamid3\model\i21_VW_MQB\16_Model_T23_-80Nm_NomCDist\Ergebnisse_TXT.zip
\\Bosch.com\DFsRB\DIV\VM\Engineering\EPS\CAE\ICN\scratch\MATFILES_WG_Alessio\100_DB_Matfiles_WormGear\CAE012802_Woehler_Curves_IMSamid3\model\i21_VW_MQB\16_Model_T23_-80Nm_NomCDist\FEM_Medina.zip
\\Bosch.com\DFsRB\DIV\VM\Engineering\EPS\CAE\ICN\scratch\MATFILES_WG_Alessio\100_DB_Matfiles_WormGear\CAE012802_Woehler_Curves_IMSamid3\model\i21_VW_MQB\13_Model_T23_100Nm_NomCDist\Ergebnisse_TXT.zip
\\Bosch.com\DFsRB\DIV\VM\Engineering\EPS\CAE\ICN\scratch\MATFILES_WG_Alessio\100_DB_Matfiles_WormGear\CAE012802_Woehler_Curves_IMSamid3\model\i21_VW_MQB\13_Model_T23_100Nm_NomCDist\FEM_Medina.zip
\\Bosch.com\DFsRB\DIV\VM\Engineering\EPS\CAE\ICN\scratch\MATFILES_WG_Alessio\100_DB_Matfiles_WormGear\CAE012802_Woehler_Curves_IMSamid3\model\i21_VW_MQB\11_Model_T23_120Nm_NomCDist\Ergebnisse_TXT.zip
\\Bosch.com\DFsRB\DIV\VM\Engineering\EPS\CAE\ICN\scratch\MATFILES_WG_Alessio\100_DB_Matfiles_WormGear\CAE012802_Woehler_Curves_IMSamid3\model\i21_VW_MQB\11_Model_T23_120Nm_NomCDist\FEM_Medina.zip
\\Bosch.com\DFsRB\DIV\VM\Engineering\EPS\CAE\ICN\scratch\MATFILES_WG_Alessio\100_DB_Matfiles_WormGear\CAE012802_Woehler_Curves_IMSamid3\model\i21_VW_MQB\15_Model_T23_80Nm_NomCDist\Ergebnisse_TXT.zip
\\Bosch.com\DFsRB\DIV\VM\Engineering\EPS\CAE\ICN\scratch\MATFILES_WG_Alessio\100_DB_Matfiles_WormGear\CAE012802_Woehler_Curves_IMSamid3\model\i21_VW_MQB\15_Model_T23_80Nm_NomCDist\FEM_Medina.zip
\\Bosch.com\DFsRB\DIV\VM\Engineering\EPS\CAE\ICN\scratch\MATFILES_WG_Alessio\100_DB_Matfiles_WormGear\CAE012802_Woehler_Curves_IMSamid3\model\i21_VW_MQB\14_Model_T23_-100Nm_NomCDist\Ergebnisse_TXT.zip
\\Bosch.com\DFsRB\DIV\VM\Engineering\EPS\CAE\ICN\scratch\MATFILES_WG_Alessio\100_DB_Matfiles_WormGear\CAE012802_Woehler_Curves_IMSamid3\model\i21_VW_MQB\14_Model_T23_-100Nm_NomCDist\FEM_Medina.zip
\\Bosch.com\DFsRB\DIV\VM\Engineering\EPS\CAE\ICN\scratch\MATFILES_WG_Alessio\100_DB_Matfiles_WormGear\CAE014105_EPScv_GenE_i39\model\V1\Radilon_T-40_M245Nm\Ergebnisse_TXT.zip
\\Bosch.com\DFsRB\DIV\VM\Engineering\EPS\CAE\ICN\scratch\MATFILES_WG_Alessio\100_DB_Matfiles_WormGear\CAE014105_EPScv_GenE_i39\model\V1\Radilon_T-40_M245Nm\FEM_Medina.zip
\\Bosch.com\DFsRB\DIV\VM\Engineering\EPS\CAE\ICN\scratch\MATFILES_WG_Alessio\100_DB_Matfiles_WormGear\CAE014105_EPScv_GenE_i39\model\V1\Radilon_T80_M245Nm\Ergebnisse_TXT.zip
\\Bosch.com\DFsRB\DIV\VM\Engineering\EPS\CAE\ICN\scratch\MATFILES_WG_Alessio\100_DB_Matfiles_WormGear\CAE014105_EPScv_GenE_i39\model\V1\Radilon_T80_M245Nm\FEM_Medina.zip
\\Bosch.com\DFsRB\DIV\VM\Engineering\EPS\CAE\ICN\scratch\MATFILES_WG_Alessio\100_DB_Matfiles_WormGear\CAE014105_EPScv_GenE_i39\model\V2\V2_Mid_Radilon_T-40_M245\Ergebnisse_TXT.zip
\\Bosch.com\DFsRB\DIV\VM\Engineering\EPS\CAE\ICN\scratch\MATFILES_WG_Alessio\100_DB_Matfiles_WormGear\CAE014105_EPScv_GenE_i39\model\V2\V2_Mid_Radilon_T-40_M245\FEM_Medina.zip
\\Bosch.com\DFsRB\DIV\VM\Engineering\EPS\CAE\ICN\scratch\MATFILES_WG_Alessio\100_DB_Matfiles_WormGear\CAE014105_EPScv_GenE_i39\model\V2\V2_Mid_Radilon_T80_M245\Ergebnisse_TXT.zip
\\Bosch.com\DFsRB\DIV\VM\Engineering\EPS\CAE\ICN\scratch\MATFILES_WG_Alessio\100_DB_Matfiles_WormGear\CAE014105_EPScv_GenE_i39\model\V2\V2_Mid_Radilon_T80_M245\FEM_Medina.zip
\\Bosch.com\DFsRB\DIV\VM\Engineering\EPS\CAE\ICN\scratch\MATFILES_WG_Alessio\100_DB_Matfiles_WormGear\CAE014105_EPScv_GenE_i39\model\V2\V2_Fine_Radilon_T80_M245\Ergebnisse_TXT.zip
\\Bosch.com\DFsRB\DIV\VM\Engineering\EPS\CAE\ICN\scratch\MATFILES_WG_Alessio\100_DB_Matfiles_WormGear\CAE014105_EPScv_GenE_i39\model\V2\V2_Fine_Radilon_T80_M245\FEM_Medina.zip
\\Bosch.com\DFsRB\DIV\VM\Engineering\EPS\CAE\ICN\scratch\MATFILES_WG_Alessio\100_DB_Matfiles_WormGear\CAE014105_EPScv_GenE_i39\model\V2\V2_Mid_Radilon_T-40_M245_Fest\Ergebnisse_TXT.zip
\\Bosch.com\DFsRB\DIV\VM\Engineering\EPS\CAE\ICN\scratch\MATFILES_WG_Alessio\100_DB_Matfiles_WormGear\CAE014105_EPScv_GenE_i39\model\V2\V2_Mid_Radilon_T-40_M245_Fest\FEM_Medina.zip
\\Bosch.com\DFsRB\DIV\VM\Engineering\EPS\CAE\ICN\scratch\MATFILES_WG_Alessio\100_DB_Matfiles_WormGear\CAE014105_EPScv_GenE_i39\model\V3\V3_Radilon_T-40_M245Nm\Ergebnisse_TXT.zip
\\Bosch.com\DFsRB\DIV\VM\Engineering\EPS\CAE\ICN\scratch\MATFILES_WG_Alessio\100_DB_Matfiles_WormGear\CAE014105_EPScv_GenE_i39\model\V3\V3_Radilon_T-40_M245Nm\FEM_Medina.zip
\\Bosch.com\DFsRB\DIV\VM\Engineering\EPS\CAE\ICN\scratch\MATFILES_WG_Alessio\100_DB_Matfiles_WormGear\CAE014105_EPScv_GenE_i39\model\V2\V2_Mid_Radilon_T80_M1Nm\Ergebnisse_TXT.zip
\\Bosch.com\DFsRB\DIV\VM\Engineering\EPS\CAE\ICN\scratch\MATFILES_WG_Alessio\100_DB_Matfiles_WormGear\CAE014105_EPScv_GenE_i39\model\V2\V2_Mid_Radilon_T80_M1Nm\FEM_Medina.zip
\\Bosch.com\DFsRB\DIV\VM\Engineering\EPS\CAE\ICN\scratch\MATFILES_WG_Alessio\100_DB_Matfiles_WormGear\CAE014105_EPScv_GenE_i39\model\V2\V2_Mid_Radilon_T80_M245_Korr\Ergebnisse_TXT.zip
\\Bosch.com\DFsRB\DIV\VM\Engineering\EPS\CAE\ICN\scratch\MATFILES_WG_Alessio\100_DB_Matfiles_WormGear\CAE014105_EPScv_GenE_i39\model\V2\V2_Mid_Radilon_T80_M245_Korr\FEM_Medina.zip
\\Bosch.com\DFsRB\DIV\VM\Engineering\EPS\CAE\ICN\scratch\MATFILES_WG_Alessio\100_DB_Matfiles_WormGear\CAE014105_EPScv_GenE_i39\model\V3\V3_Radilon_T80_M245Nm\Ergebnisse_TXT.zip
\\Bosch.com\DFsRB\DIV\VM\Engineering\EPS\CAE\ICN\scratch\MATFILES_WG_Alessio\100_DB_Matfiles_WormGear\CAE014105_EPScv_GenE_i39\model\V3\V3_Radilon_T80_M245Nm\FEM_Medina.zip
\\Bosch.com\DFsRB\DIV\VM\Engineering\EPS\CAE\ICN\scratch\MATFILES_WG_Alessio\100_DB_Matfiles_WormGear\CAE016331_MY23_i25_3threads_i24p5\model\i25_Worm2ThreadsMod\872_V1_T80_M125\Ergebnisse_TXT.zip
\\Bosch.com\DFsRB\DIV\VM\Engineering\EPS\CAE\ICN\scratch\MATFILES_WG_Alessio\100_DB_Matfiles_WormGear\CAE016331_MY23_i25_3threads_i24p5\model\i25_Worm2ThreadsMod\872_V1_T80_M125\FEM_Medina.zip
\\Bosch.com\DFsRB\DIV\VM\Engineering\EPS\CAE\ICN\scratch\MATFILES_WG_Alessio\100_DB_Matfiles_WormGear\CAE016331_MY23_i25_3threads_i24p5\model\i25_Worm2ThreadsMod\870_V1_T80_M125\Ergebnisse_TXT.zip
\\Bosch.com\DFsRB\DIV\VM\Engineering\EPS\CAE\ICN\scratch\MATFILES_WG_Alessio\100_DB_Matfiles_WormGear\CAE016331_MY23_i25_3threads_i24p5\model\i25_Worm2ThreadsMod\870_V1_T80_M125\FEM_Medina.zip
\\Bosch.com\DFsRB\DIV\VM\Engineering\EPS\CAE\ICN\scratch\MATFILES_WG_Alessio\100_DB_Matfiles_WormGear\CAE016331_MY23_i25_3threads_i24p5\model\i25_Worm3Threads\Worm_3Threads_T80_M-125\Ergebnisse_TXT.zip
\\Bosch.com\DFsRB\DIV\VM\Engineering\EPS\CAE\ICN\scratch\MATFILES_WG_Alessio\100_DB_Matfiles_WormGear\CAE016331_MY23_i25_3threads_i24p5\model\i25_Worm3Threads\Worm_3Threads_T80_M-125\FEM_Medina.zip
\\Bosch.com\DFsRB\DIV\VM\Engineering\EPS\CAE\ICN\scratch\MATFILES_WG_Alessio\100_DB_Matfiles_WormGear\CAE016331_MY23_i25_3threads_i24p5\model\i25_Worm2ThreadsMod\Orig_Anom_T80_M125\Ergebnisse_TXT.zip
\\Bosch.com\DFsRB\DIV\VM\Engineering\EPS\CAE\ICN\scratch\MATFILES_WG_Alessio\100_DB_Matfiles_WormGear\CAE016331_MY23_i25_3threads_i24p5\model\i25_Worm2ThreadsMod\Orig_Anom_T80_M125\FEM_Medina.zip
\\Bosch.com\DFsRB\DIV\VM\Engineering\EPS\CAE\ICN\scratch\MATFILES_WG_Alessio\100_DB_Matfiles_WormGear\CAE016042_MY23_WormFailure_ScannedTeeth\model\11_MY23_Nominal\Modell_0_i25_A_nom_60p61\Ergebnisse_TXT.zip
\\Bosch.com\DFsRB\DIV\VM\Engineering\EPS\CAE\ICN\scratch\MATFILES_WG_Alessio\100_DB_Matfiles_WormGear\CAE016042_MY23_WormFailure_ScannedTeeth\model\11_MY23_Nominal\Modell_0_i25_A_nom_60p61\FEM_Medina.zip
\\Bosch.com\DFsRB\DIV\VM\Engineering\EPS\CAE\ICN\scratch\MATFILES_WG_Alessio\100_DB_Matfiles_WormGear\CAE016331_MY23_i25_3threads_i24p5\model\i25_Worm3Threads\Worm_3Threads_T80_M125\Ergebnisse_TXT.zip
\\Bosch.com\DFsRB\DIV\VM\Engineering\EPS\CAE\ICN\scratch\MATFILES_WG_Alessio\100_DB_Matfiles_WormGear\CAE016331_MY23_i25_3threads_i24p5\model\i25_Worm3Threads\Worm_3Threads_T80_M125\FEM_Medina.zip
\\Bosch.com\DFsRB\DIV\VM\Engineering\EPS\CAE\ICN\scratch\MATFILES_WG_Alessio\100_DB_Matfiles_WormGear\CAE016331_MY23_i25_3threads_i24p5\model\i25_Worm3Threads\Worm_3Threads_T23_M-125\Ergebnisse_TXT.zip
\\Bosch.com\DFsRB\DIV\VM\Engineering\EPS\CAE\ICN\scratch\MATFILES_WG_Alessio\100_DB_Matfiles_WormGear\CAE016331_MY23_i25_3threads_i24p5\model\i25_Worm3Threads\Worm_3Threads_T23_M-125\FEM_Medina.zip
\\Bosch.com\DFsRB\DIV\VM\Engineering\EPS\CAE\ICN\scratch\MATFILES_WG_Alessio\100_DB_Matfiles_WormGear\CAE016042_MY23_WormFailure_ScannedTeeth\model\11_MY23_Nominal\Modell_3_RT_100Nm\Ergebnisse_TXT.zip
\\Bosch.com\DFsRB\DIV\VM\Engineering\EPS\CAE\ICN\scratch\MATFILES_WG_Alessio\100_DB_Matfiles_WormGear\CAE016042_MY23_WormFailure_ScannedTeeth\model\11_MY23_Nominal\Modell_3_RT_100Nm\FEM_Medina.zip
\\Bosch.com\DFsRB\DIV\VM\Engineering\EPS\CAE\ICN\scratch\MATFILES_WG_Alessio\100_DB_Matfiles_WormGear\CAE016042_MY23_WormFailure_ScannedTeeth\model\11_MY23_Nominal\Modell_3_konditioniertesSR_ansonsten_wie_Modell_2\Ergebnisse_TXT.zip
\\Bosch.com\DFsRB\DIV\VM\Engineering\EPS\CAE\ICN\scratch\MATFILES_WG_Alessio\100_DB_Matfiles_WormGear\CAE016042_MY23_WormFailure_ScannedTeeth\model\11_MY23_Nominal\Modell_3_konditioniertesSR_ansonsten_wie_Modell_2\FEM_Medina.zip
\\Bosch.com\DFsRB\DIV\VM\Engineering\EPS\CAE\ICN\scratch\MATFILES_WG_Alessio\100_DB_Matfiles_WormGear\CAE016042_MY23_WormFailure_ScannedTeeth\model\11_MY23_Nominal\Modell_3_RT_125Nm\Ergebnisse_TXT.zip
\\Bosch.com\DFsRB\DIV\VM\Engineering\EPS\CAE\ICN\scratch\MATFILES_WG_Alessio\100_DB_Matfiles_WormGear\CAE016042_MY23_WormFailure_ScannedTeeth\model\11_MY23_Nominal\Modell_3_RT_125Nm\FEM_Medina.zip
\\Bosch.com\DFsRB\DIV\VM\Engineering\EPS\CAE\ICN\scratch\MATFILES_WG_Alessio\100_DB_Matfiles_WormGear\CAE016042_MY23_WormFailure_ScannedTeeth\model\11_MY23_Nominal\Modell_4_cond_SR\Ergebnisse_TXT.zip
\\Bosch.com\DFsRB\DIV\VM\Engineering\EPS\CAE\ICN\scratch\MATFILES_WG_Alessio\100_DB_Matfiles_WormGear\CAE016042_MY23_WormFailure_ScannedTeeth\model\11_MY23_Nominal\Modell_4_cond_SR\FEM_Medina.zip
\\Bosch.com\DFsRB\DIV\VM\Engineering\EPS\CAE\ICN\scratch\MATFILES_WG_Alessio\100_DB_Matfiles_WormGear\CAE016328_Method_SN_Zytel\model\10_Zytel_Basis\MATERIAL_TEST_LBF\10_Zytel_Basis.zip
\\Bosch.com\DFsRB\DIV\VM\Engineering\EPS\CAE\ICN\scratch\MATFILES_WG_Alessio\100_DB_Matfiles_WormGear\CAE019124_i25_i21_Zytel51EFB_Zytel02\model\02_Calc_i25\i25_VeryFine_Zytel51EFB_T80_M-125\Ergebnisse_TXT.zip
\\Bosch.com\DFsRB\DIV\VM\Engineering\EPS\CAE\ICN\scratch\MATFILES_WG_Alessio\100_DB_Matfiles_WormGear\CAE019124_i25_i21_Zytel51EFB_Zytel02\model\02_Calc_i25\i25_VeryFine_Zytel51EFB_T80_M-125\FEM_Medina.zip
\\Bosch.com\DFsRB\DIV\VM\Engineering\EPS\CAE\ICN\scratch\MATFILES_WG_Alessio\100_DB_Matfiles_WormGear\CAE019124_i25_i21_Zytel51EFB_Zytel02\model\02_Calc_i25\i25_VeryFine_Zytel51EFB_T100_M-125\Ergebnisse_TXT.zip
\\Bosch.com\DFsRB\DIV\VM\Engineering\EPS\CAE\ICN\scratch\MATFILES_WG_Alessio\100_DB_Matfiles_WormGear\CAE019124_i25_i21_Zytel51EFB_Zytel02\model\02_Calc_i25\i25_VeryFine_Zytel51EFB_T100_M-125\FEM_Medina.zip
\\Bosch.com\DFsRB\DIV\VM\Engineering\EPS\CAE\ICN\scratch\MATFILES_WG_Alessio\100_DB_Matfiles_WormGear\CAE016328_Method_SN_Zytel\model\20_POM_Delrin100\MATERIAL_TEST_LBF\20_POM_Delrin100.zip
\\Bosch.com\DFsRB\DIV\VM\Engineering\EPS\CAE\ICN\scratch\MATFILES_WG_Alessio\100_DB_Matfiles_WormGear\CAE019124_i25_i21_Zytel51EFB_Zytel02\model\02_Calc_i25\i25_Zytel02_T80_M-125_WormStiff\Ergebnisse_TXT.zip
\\Bosch.com\DFsRB\DIV\VM\Engineering\EPS\CAE\ICN\scratch\MATFILES_WG_Alessio\100_DB_Matfiles_WormGear\CAE019124_i25_i21_Zytel51EFB_Zytel02\model\02_Calc_i25\i25_Zytel02_T80_M-125_WormStiff\FEM_Medina.zip
\\Bosch.com\DFsRB\DIV\VM\Engineering\EPS\CAE\ICN\scratch\MATFILES_WG_Alessio\100_DB_Matfiles_WormGear\CAE019124_i25_i21_Zytel51EFB_Zytel02\model\02_Calc_i25\i25_Zytel02_T80_M-125\Ergebnisse_TXT.zip
\\Bosch.com\DFsRB\DIV\VM\Engineering\EPS\CAE\ICN\scratch\MATFILES_WG_Alessio\100_DB_Matfiles_WormGear\CAE019124_i25_i21_Zytel51EFB_Zytel02\model\02_Calc_i25\i25_Zytel02_T80_M-125\FEM_Medina.zip
\\Bosch.com\DFsRB\DIV\VM\Engineering\EPS\CAE\ICN\scratch\MATFILES_WG_Alessio\100_DB_Matfiles_WormGear\CAE019124_i25_i21_Zytel51EFB_Zytel02\model\02_Calc_i25\i25_Zytel02_T80_M125_WormStiff_Fric\Ergebnisse_TXT.zip
\\Bosch.com\DFsRB\DIV\VM\Engineering\EPS\CAE\ICN\scratch\MATFILES_WG_Alessio\100_DB_Matfiles_WormGear\CAE019124_i25_i21_Zytel51EFB_Zytel02\model\02_Calc_i25\i25_Zytel02_T80_M125_WormStiff_Fric\FEM_Medina.zip
\\Bosch.com\DFsRB\DIV\VM\Engineering\EPS\CAE\ICN\scratch\MATFILES_WG_Alessio\100_DB_Matfiles_WormGear\CAE019124_i25_i21_Zytel51EFB_Zytel02\model\02_Calc_i25\i25_Zytel51EFB_T100_M-125\Ergebnisse_TXT.zip
\\Bosch.com\DFsRB\DIV\VM\Engineering\EPS\CAE\ICN\scratch\MATFILES_WG_Alessio\100_DB_Matfiles_WormGear\CAE019124_i25_i21_Zytel51EFB_Zytel02\model\02_Calc_i25\i25_Zytel51EFB_T100_M-125\FEM_Medina.zip
\\Bosch.com\DFsRB\DIV\VM\Engineering\EPS\CAE\ICN\scratch\MATFILES_WG_Alessio\100_DB_Matfiles_WormGear\CAE019124_i25_i21_Zytel51EFB_Zytel02\model\02_Calc_i25\i25_Zytel51EFB_T80_M-125\Ergebnisse_TXT.zip
\\Bosch.com\DFsRB\DIV\VM\Engineering\EPS\CAE\ICN\scratch\MATFILES_WG_Alessio\100_DB_Matfiles_WormGear\CAE019124_i25_i21_Zytel51EFB_Zytel02\model\02_Calc_i25\i25_Zytel51EFB_T80_M-125\FEM_Medina.zip
\\Bosch.com\DFsRB\DIV\VM\Engineering\EPS\CAE\ICN\scratch\MATFILES_WG_Alessio\100_DB_Matfiles_WormGear\CAE019124_i25_i21_Zytel51EFB_Zytel02\model\01_Calc_i21\SG605_Zytel02_T80_M80\Ergebnisse_TXT.zip
\\Bosch.com\DFsRB\DIV\VM\Engineering\EPS\CAE\ICN\scratch\MATFILES_WG_Alessio\100_DB_Matfiles_WormGear\CAE019124_i25_i21_Zytel51EFB_Zytel02\model\01_Calc_i21\SG605_Zytel02_T80_M80\FEM_Medina.zip
\\Bosch.com\DFsRB\DIV\VM\Engineering\EPS\CAE\ICN\scratch\MATFILES_WG_Alessio\100_DB_Matfiles_WormGear\CAE019124_i25_i21_Zytel51EFB_Zytel02\model\01_Calc_i21\SG605_Zytel02_T80_M110\Ergebnisse_TXT.zip
\\Bosch.com\DFsRB\DIV\VM\Engineering\EPS\CAE\ICN\scratch\MATFILES_WG_Alessio\100_DB_Matfiles_WormGear\CAE019124_i25_i21_Zytel51EFB_Zytel02\model\01_Calc_i21\SG605_Zytel02_T80_M110\FEM_Medina.zip
\\Bosch.com\DFsRB\DIV\VM\Engineering\EPS\CAE\ICN\scratch\MATFILES_WG_Alessio\100_DB_Matfiles_WormGear\CAE019124_i25_i21_Zytel51EFB_Zytel02\model\01_Calc_i21\SG605_Zytel02_T80_M90\Ergebnisse_TXT.zip
\\Bosch.com\DFsRB\DIV\VM\Engineering\EPS\CAE\ICN\scratch\MATFILES_WG_Alessio\100_DB_Matfiles_WormGear\CAE019124_i25_i21_Zytel51EFB_Zytel02\model\01_Calc_i21\SG605_Zytel02_T80_M90\FEM_Medina.zip
\\Bosch.com\DFsRB\DIV\VM\Engineering\EPS\CAE\ICN\scratch\MATFILES_WG_Alessio\100_DB_Matfiles_WormGear\CAE019124_i25_i21_Zytel51EFB_Zytel02\model\01_Calc_i21\SG605_Zytel51EFB_T80_M110\Ergebnisse_TXT.zip
\\Bosch.com\DFsRB\DIV\VM\Engineering\EPS\CAE\ICN\scratch\MATFILES_WG_Alessio\100_DB_Matfiles_WormGear\CAE019124_i25_i21_Zytel51EFB_Zytel02\model\01_Calc_i21\SG605_Zytel51EFB_T80_M110\FEM_Medina.zip
\\Bosch.com\DFsRB\DIV\VM\Engineering\EPS\CAE\ICN\scratch\MATFILES_WG_Alessio\100_DB_Matfiles_WormGear\CAE019124_i25_i21_Zytel51EFB_Zytel02\model\01_Calc_i21\SG605_Zytel51EFB_T80_M90\Ergebnisse_TXT.zip
\\Bosch.com\DFsRB\DIV\VM\Engineering\EPS\CAE\ICN\scratch\MATFILES_WG_Alessio\100_DB_Matfiles_WormGear\CAE019124_i25_i21_Zytel51EFB_Zytel02\model\01_Calc_i21\SG605_Zytel51EFB_T80_M90\FEM_Medina.zip
\\Bosch.com\DFsRB\DIV\VM\Engineering\EPS\CAE\ICN\scratch\MATFILES_WG_Alessio\100_DB_Matfiles_WormGear\CAE019124_i25_i21_Zytel51EFB_Zytel02\model\01_Calc_i21\SR323_Zytel02_T80_M80\Ergebnisse_TXT.zip
\\Bosch.com\DFsRB\DIV\VM\Engineering\EPS\CAE\ICN\scratch\MATFILES_WG_Alessio\100_DB_Matfiles_WormGear\CAE019124_i25_i21_Zytel51EFB_Zytel02\model\01_Calc_i21\SR323_Zytel02_T80_M80\FEM_Medina.zip
\\Bosch.com\DFsRB\DIV\VM\Engineering\EPS\CAE\ICN\scratch\MATFILES_WG_Alessio\100_DB_Matfiles_WormGear\CAE019468_WormGear_MCV_Loop2\model\MCV_WheelLoop2_WormLoop1s_Zytel02\MCV_Mix_T23_M198\Ergebnisse_TXT.zip
\\Bosch.com\DFsRB\DIV\VM\Engineering\EPS\CAE\ICN\scratch\MATFILES_WG_Alessio\100_DB_Matfiles_WormGear\CAE019468_WormGear_MCV_Loop2\model\MCV_WheelLoop2_WormLoop1s_Zytel02\MCV_Mix_T23_M198\FEM_Medina.zip
\\Bosch.com\DFsRB\DIV\VM\Engineering\EPS\CAE\ICN\scratch\MATFILES_WG_Alessio\100_DB_Matfiles_WormGear\CAE020150_i25_Globoid_Loops2_4\model\10_LOOP2\MY25_Loop2_Zytel02_T23_M140\Ergebnisse_TXT.zip
\\Bosch.com\DFsRB\DIV\VM\Engineering\EPS\CAE\ICN\scratch\MATFILES_WG_Alessio\100_DB_Matfiles_WormGear\CAE020150_i25_Globoid_Loops2_4\model\10_LOOP2\MY25_Loop2_Zytel02_T23_M140\FEM_Medina.zip
\\Bosch.com\DFsRB\DIV\VM\Engineering\EPS\CAE\ICN\scratch\MATFILES_WG_Alessio\100_DB_Matfiles_WormGear\CAE020150_i25_Globoid_Loops2_4\model\20_LOOP2a\01_MY25_Loop2a_Zytel02_T23_M140\Ergebnisse_TXT.zip
\\Bosch.com\DFsRB\DIV\VM\Engineering\EPS\CAE\ICN\scratch\MATFILES_WG_Alessio\100_DB_Matfiles_WormGear\CAE020150_i25_Globoid_Loops2_4\model\20_LOOP2a\01_MY25_Loop2a_Zytel02_T23_M140\FEM_Medina.zip
\\Bosch.com\DFsRB\DIV\VM\Engineering\EPS\CAE\ICN\scratch\MATFILES_WG_Alessio\100_DB_Matfiles_WormGear\CAE019124_i25_i21_Zytel51EFB_Zytel02\model\01_Calc_i21\SR323_Zytel02_T80_M90\Ergebnisse_TXT.zip
\\Bosch.com\DFsRB\DIV\VM\Engineering\EPS\CAE\ICN\scratch\MATFILES_WG_Alessio\100_DB_Matfiles_WormGear\CAE019124_i25_i21_Zytel51EFB_Zytel02\model\01_Calc_i21\SR323_Zytel02_T80_M90\FEM_Medina.zip
\\Bosch.com\DFsRB\DIV\VM\Engineering\EPS\CAE\ICN\scratch\MATFILES_WG_Alessio\100_DB_Matfiles_WormGear\CAE019124_i25_i21_Zytel51EFB_Zytel02\model\01_Calc_i21\SR323_Zytel51EFB_T80_M110\Ergebnisse_TXT.zip
\\Bosch.com\DFsRB\DIV\VM\Engineering\EPS\CAE\ICN\scratch\MATFILES_WG_Alessio\100_DB_Matfiles_WormGear\CAE019124_i25_i21_Zytel51EFB_Zytel02\model\01_Calc_i21\SR323_Zytel51EFB_T80_M110\FEM_Medina.zip
\\Bosch.com\DFsRB\DIV\VM\Engineering\EPS\CAE\ICN\scratch\MATFILES_WG_Alessio\100_DB_Matfiles_WormGear\CAE020150_i25_Globoid_Loops2_4\model\10_LOOP2\MY25_Loop2_Zytel02_T80_M140\Ergebnisse_TXT.zip
\\Bosch.com\DFsRB\DIV\VM\Engineering\EPS\CAE\ICN\scratch\MATFILES_WG_Alessio\100_DB_Matfiles_WormGear\CAE020150_i25_Globoid_Loops2_4\model\10_LOOP2\MY25_Loop2_Zytel02_T80_M140\FEM_Medina.zip
\\Bosch.com\DFsRB\DIV\VM\Engineering\EPS\CAE\ICN\scratch\MATFILES_WG_Alessio\100_DB_Matfiles_WormGear\CAE019124_i25_i21_Zytel51EFB_Zytel02\model\01_Calc_i21\SR323_Zytel02_T80_M110\Ergebnisse_TXT.zip
\\Bosch.com\DFsRB\DIV\VM\Engineering\EPS\CAE\ICN\scratch\MATFILES_WG_Alessio\100_DB_Matfiles_WormGear\CAE019124_i25_i21_Zytel51EFB_Zytel02\model\01_Calc_i21\SR323_Zytel02_T80_M110\FEM_Medina.zip
\\Bosch.com\DFsRB\DIV\VM\Engineering\EPS\CAE\ICN\scratch\MATFILES_WG_Alessio\100_DB_Matfiles_WormGear\CAE019468_WormGear_MCV_Loop2\model\MCV_WheelLoop2_WormLoop1s_Zytel02\MCV_Mix_T80_M198\Ergebnisse_TXT.zip
\\Bosch.com\DFsRB\DIV\VM\Engineering\EPS\CAE\ICN\scratch\MATFILES_WG_Alessio\100_DB_Matfiles_WormGear\CAE019468_WormGear_MCV_Loop2\model\MCV_WheelLoop2_WormLoop1s_Zytel02\MCV_Mix_T80_M198\FEM_Medina.zip
\\Bosch.com\DFsRB\DIV\VM\Engineering\EPS\CAE\ICN\scratch\MATFILES_WG_Alessio\100_DB_Matfiles_WormGear\CAE020150_i25_Globoid_Loops2_4\model\20_LOOP2a\03_MY25_Loop2a_Zytel02_T-40_M140_LinEl\FEM_Medina.zip
\\Bosch.com\DFsRB\DIV\VM\Engineering\EPS\CAE\ICN\scratch\MATFILES_WG_Alessio\100_DB_Matfiles_WormGear\CAE020150_i25_Globoid_Loops2_4\model\20_LOOP2a\02_MY25_Loop2a_Zytel02_T80_M140\Ergebnisse_TXT.zip
\\Bosch.com\DFsRB\DIV\VM\Engineering\EPS\CAE\ICN\scratch\MATFILES_WG_Alessio\100_DB_Matfiles_WormGear\CAE020150_i25_Globoid_Loops2_4\model\20_LOOP2a\02_MY25_Loop2a_Zytel02_T80_M140\FEM_Medina.zip
\\Bosch.com\DFsRB\DIV\VM\Engineering\EPS\CAE\ICN\scratch\MATFILES_WG_Alessio\100_DB_Matfiles_WormGear\CAE020150_i25_Globoid_Loops2_4\model\11_LOOP4\MY25_Loop4_Zytel02_T80_M140\Ergebnisse_TXT.zip
\\Bosch.com\DFsRB\DIV\VM\Engineering\EPS\CAE\ICN\scratch\MATFILES_WG_Alessio\100_DB_Matfiles_WormGear\CAE020150_i25_Globoid_Loops2_4\model\11_LOOP4\MY25_Loop4_Zytel02_T80_M140\FEM_Medina.zip
\\Bosch.com\DFsRB\DIV\VM\Engineering\EPS\CAE\ICN\scratch\MATFILES_WG_Alessio\100_DB_Matfiles_WormGear\CAE020150_i25_Globoid_Loops2_4\model\11_LOOP4\MY25_Loop4_Zytel02_T23_M140\Ergebnisse_TXT.zip
\\Bosch.com\DFsRB\DIV\VM\Engineering\EPS\CAE\ICN\scratch\MATFILES_WG_Alessio\100_DB_Matfiles_WormGear\CAE020150_i25_Globoid_Loops2_4\model\11_LOOP4\MY25_Loop4_Zytel02_T23_M140\FEM_Medina.zip
\\Bosch.com\DFsRB\DIV\VM\Engineering\EPS\CAE\ICN\scratch\MATFILES_WG_Alessio\100_DB_Matfiles_WormGear\CAE020150_i25_Globoid_Loops2_4\model\LOOP4a\11_Loop4a_V9_Hannes_T23_M140\Ergebnisse_TXT.zip
\\Bosch.com\DFsRB\DIV\VM\Engineering\EPS\CAE\ICN\scratch\MATFILES_WG_Alessio\100_DB_Matfiles_WormGear\CAE020150_i25_Globoid_Loops2_4\model\LOOP4a\11_Loop4a_V9_Hannes_T23_M140\FEM_Medina.zip
\\Bosch.com\DFsRB\DIV\VM\Engineering\EPS\CAE\ICN\scratch\MATFILES_WG_Alessio\100_DB_Matfiles_WormGear\CAE020150_i25_Globoid_Loops2_4\model\LOOP4a\02_Loop4a_V8_Hannes_T80_M140\Ergebnisse_TXT.zip
\\Bosch.com\DFsRB\DIV\VM\Engineering\EPS\CAE\ICN\scratch\MATFILES_WG_Alessio\100_DB_Matfiles_WormGear\CAE020150_i25_Globoid_Loops2_4\model\LOOP4a\02_Loop4a_V8_Hannes_T80_M140\FEM_Medina.zip
\\Bosch.com\DFsRB\DIV\VM\Engineering\EPS\CAE\ICN\scratch\MATFILES_WG_Alessio\100_DB_Matfiles_WormGear\CAE020150_i25_Globoid_Loops2_4\model\LOOP4a\01_Loop4a_V8_Hannes_T23_M140\Ergebnisse_TXT.zip
\\Bosch.com\DFsRB\DIV\VM\Engineering\EPS\CAE\ICN\scratch\MATFILES_WG_Alessio\100_DB_Matfiles_WormGear\CAE020150_i25_Globoid_Loops2_4\model\LOOP4a\01_Loop4a_V8_Hannes_T23_M140\FEM_Medina.zip
\\Bosch.com\DFsRB\DIV\VM\Engineering\EPS\CAE\ICN\scratch\MATFILES_WG_Alessio\100_DB_Matfiles_WormGear\CAE020150_i25_Globoid_Loops2_4\model\LOOP4a\13_Loop4a_V9_Hannes_T-40_M140_LinEl\FEM_Medina.zip
\\Bosch.com\DFsRB\DIV\VM\Engineering\EPS\CAE\ICN\scratch\MATFILES_WG_Alessio\100_DB_Matfiles_WormGear\CAE020150_i25_Globoid_Loops2_4\model\LOOP4a\12_Loop4a_V9_Hannes_T80_M140\Ergebnisse_TXT.zip
\\Bosch.com\DFsRB\DIV\VM\Engineering\EPS\CAE\ICN\scratch\MATFILES_WG_Alessio\100_DB_Matfiles_WormGear\CAE020150_i25_Globoid_Loops2_4\model\LOOP4a\12_Loop4a_V9_Hannes_T80_M140\FEM_Medina.zip
\\Bosch.com\DFsRB\DIV\VM\Engineering\EPS\CAE\ICN\scratch\MATFILES_WG_Alessio\100_DB_Matfiles_WormGear\CAE020150_i25_Globoid_Loops2_4\model\LOOP4a\22_Loop4a_V9_T80_M140\Ergebnisse_TXT.zip
\\Bosch.com\DFsRB\DIV\VM\Engineering\EPS\CAE\ICN\scratch\MATFILES_WG_Alessio\100_DB_Matfiles_WormGear\CAE020150_i25_Globoid_Loops2_4\model\LOOP4a\22_Loop4a_V9_T80_M140\FEM_Medina.zip
\\Bosch.com\DFsRB\DIV\VM\Engineering\EPS\CAE\ICN\scratch\MATFILES_WG_Alessio\100_DB_Matfiles_WormGear\CAE020150_i25_Globoid_Loops2_4\model\LOOP4a\21_Loop4a_V9_T23_M140\Ergebnisse_TXT.zip
\\Bosch.com\DFsRB\DIV\VM\Engineering\EPS\CAE\ICN\scratch\MATFILES_WG_Alessio\100_DB_Matfiles_WormGear\CAE020150_i25_Globoid_Loops2_4\model\LOOP4a\21_Loop4a_V9_T23_M140\FEM_Medina.zip
\\Bosch.com\DFsRB\DIV\VM\Engineering\EPS\CAE\ICN\scratch\MATFILES_WG_Alessio\100_DB_Matfiles_WormGear\CAE022140_i20_i21_Zytel01_Delrin100CPE\model\i24p5\T80_M125\Ergebnisse_TXT.zip
\\Bosch.com\DFsRB\DIV\VM\Engineering\EPS\CAE\ICN\scratch\MATFILES_WG_Alessio\100_DB_Matfiles_WormGear\CAE022140_i20_i21_Zytel01_Delrin100CPE\model\i24p5\T80_M125\FEM_Medina.zip
\\Bosch.com\DFsRB\DIV\VM\Engineering\EPS\CAE\ICN\scratch\MATFILES_WG_Alessio\100_DB_Matfiles_WormGear\CAE019714_Globoid_Zytel02_Step1b\model\20_Waelzschael_1grad\12_Waelz1grad_T23_M125\Ergebnisse_TXT.zip
\\Bosch.com\DFsRB\DIV\VM\Engineering\EPS\CAE\ICN\scratch\MATFILES_WG_Alessio\100_DB_Matfiles_WormGear\CAE019714_Globoid_Zytel02_Step1b\model\20_Waelzschael_1grad\12_Waelz1grad_T23_M125\FEM_Medina.zip
\\Bosch.com\DFsRB\DIV\VM\Engineering\EPS\CAE\ICN\scratch\MATFILES_WG_Alessio\100_DB_Matfiles_WormGear\CAE020150_i25_Globoid_Loops2_4\model\12_Waelzschaelrad\Waelzschael_T23_M140\Ergebnisse_TXT.zip
\\Bosch.com\DFsRB\DIV\VM\Engineering\EPS\CAE\ICN\scratch\MATFILES_WG_Alessio\100_DB_Matfiles_WormGear\CAE020150_i25_Globoid_Loops2_4\model\12_Waelzschaelrad\Waelzschael_T23_M140\FEM_Medina.zip
\\Bosch.com\DFsRB\DIV\VM\Engineering\EPS\CAE\ICN\scratch\MATFILES_WG_Alessio\100_DB_Matfiles_WormGear\CAE019714_Globoid_Zytel02_Step1b\model\20_Waelzschael_1grad\11_Waelz1grad_T80_M125\Ergebnisse_TXT.zip
\\Bosch.com\DFsRB\DIV\VM\Engineering\EPS\CAE\ICN\scratch\MATFILES_WG_Alessio\100_DB_Matfiles_WormGear\CAE019714_Globoid_Zytel02_Step1b\model\20_Waelzschael_1grad\11_Waelz1grad_T80_M125\FEM_Medina.zip
\\Bosch.com\DFsRB\DIV\VM\Engineering\EPS\CAE\ICN\scratch\MATFILES_WG_Alessio\100_DB_Matfiles_WormGear\CAE020150_i25_Globoid_Loops2_4\model\12_Waelzschaelrad\Waelzschael_T80_M140\Ergebnisse_TXT.zip
\\Bosch.com\DFsRB\DIV\VM\Engineering\EPS\CAE\ICN\scratch\MATFILES_WG_Alessio\100_DB_Matfiles_WormGear\CAE020150_i25_Globoid_Loops2_4\model\12_Waelzschaelrad\Waelzschael_T80_M140\FEM_Medina.zip
\\Bosch.com\DFsRB\DIV\VM\Engineering\EPS\CAE\ICN\scratch\MATFILES_WG_Alessio\100_DB_Matfiles_WormGear\CAE022140_i20_i21_Zytel01_Delrin100CPE\model\i24p5\T80_M140\Ergebnisse_TXT.zip
\\Bosch.com\DFsRB\DIV\VM\Engineering\EPS\CAE\ICN\scratch\MATFILES_WG_Alessio\100_DB_Matfiles_WormGear\CAE022140_i20_i21_Zytel01_Delrin100CPE\model\i24p5\T80_M140\FEM_Medina.zip
\\Bosch.com\DFsRB\DIV\VM\Engineering\EPS\CAE\ICN\scratch\MATFILES_WG_Alessio\100_DB_Matfiles_WormGear\CAE022140_i20_i21_Zytel01_Delrin100CPE\model\i21\i21_Delrin100CPE_T23_M108\Ergebnisse_TXT.zip
\\Bosch.com\DFsRB\DIV\VM\Engineering\EPS\CAE\ICN\scratch\MATFILES_WG_Alessio\100_DB_Matfiles_WormGear\CAE022140_i20_i21_Zytel01_Delrin100CPE\model\i21\i21_Delrin100CPE_T23_M108\FEM_Medina.zip
\\Bosch.com\DFsRB\DIV\VM\Engineering\EPS\CAE\ICN\scratch\MATFILES_WG_Alessio\100_DB_Matfiles_WormGear\CAE022140_i20_i21_Zytel01_Delrin100CPE\model\i21\i21_Delrin100CPE_T23_M90\Ergebnisse_TXT.zip
\\Bosch.com\DFsRB\DIV\VM\Engineering\EPS\CAE\ICN\scratch\MATFILES_WG_Alessio\100_DB_Matfiles_WormGear\CAE022140_i20_i21_Zytel01_Delrin100CPE\model\i21\i21_Delrin100CPE_T23_M90\FEM_Medina.zip
\\Bosch.com\DFsRB\DIV\VM\Engineering\EPS\CAE\ICN\scratch\MATFILES_WG_Alessio\100_DB_Matfiles_WormGear\CAE022140_i20_i21_Zytel01_Delrin100CPE\model\i21\i21_Delrin100CPE_T80_M108\Ergebnisse_TXT.zip
\\Bosch.com\DFsRB\DIV\VM\Engineering\EPS\CAE\ICN\scratch\MATFILES_WG_Alessio\100_DB_Matfiles_WormGear\CAE022140_i20_i21_Zytel01_Delrin100CPE\model\i21\i21_Delrin100CPE_T80_M108\FEM_Medina.zip
\\Bosch.com\DFsRB\DIV\VM\Engineering\EPS\CAE\ICN\scratch\MATFILES_WG_Alessio\100_DB_Matfiles_WormGear\CAE022140_i20_i21_Zytel01_Delrin100CPE\model\i21\i21_Delrin100CPE_T80_M90\Ergebnisse_TXT.zip
\\Bosch.com\DFsRB\DIV\VM\Engineering\EPS\CAE\ICN\scratch\MATFILES_WG_Alessio\100_DB_Matfiles_WormGear\CAE022140_i20_i21_Zytel01_Delrin100CPE\model\i21\i21_Delrin100CPE_T80_M90\FEM_Medina.zip
\\Bosch.com\DFsRB\DIV\VM\Engineering\EPS\CAE\ICN\scratch\MATFILES_WG_Alessio\100_DB_Matfiles_WormGear\CAE022140_i20_i21_Zytel01_Delrin100CPE\model\i20\i20_Delrin100CPE_T23_M100\Ergebnisse_TXT.zip
\\Bosch.com\DFsRB\DIV\VM\Engineering\EPS\CAE\ICN\scratch\MATFILES_WG_Alessio\100_DB_Matfiles_WormGear\CAE022140_i20_i21_Zytel01_Delrin100CPE\model\i20\i20_Delrin100CPE_T23_M100\FEM_Medina.zip
\\Bosch.com\DFsRB\DIV\VM\Engineering\EPS\CAE\ICN\scratch\MATFILES_WG_Alessio\100_DB_Matfiles_WormGear\CAE022140_i20_i21_Zytel01_Delrin100CPE\model\i20\i20_Delrin100CPE_T23_M108\Ergebnisse_TXT.zip
\\Bosch.com\DFsRB\DIV\VM\Engineering\EPS\CAE\ICN\scratch\MATFILES_WG_Alessio\100_DB_Matfiles_WormGear\CAE022140_i20_i21_Zytel01_Delrin100CPE\model\i20\i20_Delrin100CPE_T23_M108\FEM_Medina.zip
\\Bosch.com\DFsRB\DIV\VM\Engineering\EPS\CAE\ICN\scratch\MATFILES_WG_Alessio\100_DB_Matfiles_WormGear\CAE022140_i20_i21_Zytel01_Delrin100CPE\model\i20\i20_Delrin100CPE_T80_M100\Ergebnisse_TXT.zip
\\Bosch.com\DFsRB\DIV\VM\Engineering\EPS\CAE\ICN\scratch\MATFILES_WG_Alessio\100_DB_Matfiles_WormGear\CAE022140_i20_i21_Zytel01_Delrin100CPE\model\i20\i20_Delrin100CPE_T80_M100\FEM_Medina.zip
\\Bosch.com\DFsRB\DIV\VM\Engineering\EPS\CAE\ICN\scratch\MATFILES_WG_Alessio\100_DB_Matfiles_WormGear\CAE013240_EPScv_Serwolf\model\V2_v10\b2_28mm\ElPl_600Nm\Ergebnisse_TXT.zip
\\Bosch.com\DFsRB\DIV\VM\Engineering\EPS\CAE\ICN\scratch\MATFILES_WG_Alessio\100_DB_Matfiles_WormGear\CAE013240_EPScv_Serwolf\model\V2_v10\b2_28mm\ElPl_600Nm\FEM_Medina.zip
\\Bosch.com\DFsRB\DIV\VM\Engineering\EPS\CAE\ICN\scratch\MATFILES_WG_Alessio\100_DB_Matfiles_WormGear\CAE022140_i20_i21_Zytel01_Delrin100CPE\model\i20\i20_Delrin100CPE_T80_M108\Ergebnisse_TXT.zip
\\Bosch.com\DFsRB\DIV\VM\Engineering\EPS\CAE\ICN\scratch\MATFILES_WG_Alessio\100_DB_Matfiles_WormGear\CAE022140_i20_i21_Zytel01_Delrin100CPE\model\i20\i20_Delrin100CPE_T80_M108\FEM_Medina.zip
\\Bosch.com\DFsRB\DIV\VM\Engineering\EPS\CAE\ICN\scratch\MATFILES_WG_Alessio\100_DB_Matfiles_WormGear\CAE013240_EPScv_Serwolf\model\V2_v10\b2_28mm\ElPl_70Nm\Ergebnisse_TXT.zip
\\Bosch.com\DFsRB\DIV\VM\Engineering\EPS\CAE\ICN\scratch\MATFILES_WG_Alessio\100_DB_Matfiles_WormGear\CAE013240_EPScv_Serwolf\model\V2_v10\b2_28mm\ElPl_70Nm\FEM_Medina.zip
\\Bosch.com\DFsRB\DIV\VM\Engineering\EPS\CAE\ICN\scratch\MATFILES_WG_Alessio\100_DB_Matfiles_WormGear\CAE013240_EPScv_Serwolf\model\V1_v07\b2_18mm\Calc_ElPl_600Nm\Ergebnisse_TXT.zip
\\Bosch.com\DFsRB\DIV\VM\Engineering\EPS\CAE\ICN\scratch\MATFILES_WG_Alessio\100_DB_Matfiles_WormGear\CAE013240_EPScv_Serwolf\model\V1_v07\b2_18mm\Calc_ElPl_600Nm\FEM_Medina.zip
\\Bosch.com\DFsRB\DIV\VM\Engineering\EPS\CAE\ICN\scratch\MATFILES_WG_Alessio\100_DB_Matfiles_WormGear\CAE013240_EPScv_Serwolf\model\V2_v10\b2_18mm\ElPl_600Nm_a140p1mm\Ergebnisse_TXT.zip
\\Bosch.com\DFsRB\DIV\VM\Engineering\EPS\CAE\ICN\scratch\MATFILES_WG_Alessio\100_DB_Matfiles_WormGear\CAE013240_EPScv_Serwolf\model\V2_v10\b2_18mm\ElPl_600Nm_a140p1mm\FEM_Medina.zip
\\Bosch.com\DFsRB\DIV\VM\Engineering\EPS\CAE\ICN\scratch\MATFILES_WG_Alessio\100_DB_Matfiles_WormGear\CAE013240_EPScv_Serwolf\model\V1_v07\b2_18mm\Calc_ElPl_a140p1mm_600Nm\Ergebnisse_TXT.zip
\\Bosch.com\DFsRB\DIV\VM\Engineering\EPS\CAE\ICN\scratch\MATFILES_WG_Alessio\100_DB_Matfiles_WormGear\CAE013240_EPScv_Serwolf\model\V1_v07\b2_18mm\Calc_ElPl_a140p1mm_600Nm\FEM_Medina.zip
\\Bosch.com\DFsRB\DIV\VM\Engineering\EPS\CAE\ICN\scratch\MATFILES_WG_Alessio\100_DB_Matfiles_WormGear\CAE013240_EPScv_Serwolf\model\V2_v10\b2_18mm\ElPl_70Nm_a140p1mm\Ergebnisse_TXT.zip
\\Bosch.com\DFsRB\DIV\VM\Engineering\EPS\CAE\ICN\scratch\MATFILES_WG_Alessio\100_DB_Matfiles_WormGear\CAE013240_EPScv_Serwolf\model\V2_v10\b2_18mm\ElPl_70Nm_a140p1mm\FEM_Medina.zip
\\Bosch.com\DFsRB\DIV\VM\Engineering\EPS\CAE\ICN\scratch\MATFILES_WG_Alessio\100_DB_Matfiles_WormGear\CAE013240_EPScv_Serwolf\model\V1_v07\b2_18mm\Calc_ElPl_70Nm\Ergebnisse_TXT.zip
\\Bosch.com\DFsRB\DIV\VM\Engineering\EPS\CAE\ICN\scratch\MATFILES_WG_Alessio\100_DB_Matfiles_WormGear\CAE013240_EPScv_Serwolf\model\V1_v07\b2_18mm\Calc_ElPl_70Nm\FEM_Medina.zip
\\Bosch.com\DFsRB\DIV\VM\Engineering\EPS\CAE\ICN\scratch\MATFILES_WG_Alessio\100_DB_Matfiles_WormGear\CAE013240_EPScv_Serwolf\model\V1_v07\b2_18mm\Calc_ElPl_a140p1mm_70Nm\Ergebnisse_TXT.zip
\\Bosch.com\DFsRB\DIV\VM\Engineering\EPS\CAE\ICN\scratch\MATFILES_WG_Alessio\100_DB_Matfiles_WormGear\CAE013240_EPScv_Serwolf\model\V1_v07\b2_18mm\Calc_ElPl_a140p1mm_70Nm\FEM_Medina.zip
\\Bosch.com\DFsRB\DIV\VM\Engineering\EPS\CAE\ICN\scratch\MATFILES_WG_Alessio\100_DB_Matfiles_WormGear\CAE013240_EPScv_Serwolf\model\V1_v07\b2_28mm\ElPl_600Nm\Ergebnisse_TXT.zip
\\Bosch.com\DFsRB\DIV\VM\Engineering\EPS\CAE\ICN\scratch\MATFILES_WG_Alessio\100_DB_Matfiles_WormGear\CAE013240_EPScv_Serwolf\model\V1_v07\b2_28mm\ElPl_600Nm\FEM_Medina.zip
\\Bosch.com\DFsRB\DIV\VM\Engineering\EPS\CAE\ICN\scratch\MATFILES_WG_Alessio\100_DB_Matfiles_WormGear\CAE013240_EPScv_Serwolf\model\V1_v07\b2_28mm\ElPl_a140p1mm_600Nm\FEM_Medina.zip
\\Bosch.com\DFsRB\DIV\VM\Engineering\EPS\CAE\ICN\scratch\MATFILES_WG_Alessio\100_DB_Matfiles_WormGear\CAE013240_EPScv_Serwolf\model\V1_v07\b2_28mm\ElPl_70Nm\Ergebnisse_TXT.zip
\\Bosch.com\DFsRB\DIV\VM\Engineering\EPS\CAE\ICN\scratch\MATFILES_WG_Alessio\100_DB_Matfiles_WormGear\CAE013240_EPScv_Serwolf\model\V1_v07\b2_28mm\ElPl_70Nm\FEM_Medina.zip
\\Bosch.com\DFsRB\DIV\VM\Engineering\EPS\CAE\ICN\scratch\MATFILES_WG_Alessio\100_DB_Matfiles_WormGear\CAE013240_EPScv_Serwolf\model\V1_v07\b2_28mm\ElPl_a140p1mm_70Nm\Ergebnisse_TXT.zip
\\Bosch.com\DFsRB\DIV\VM\Engineering\EPS\CAE\ICN\scratch\MATFILES_WG_Alessio\100_DB_Matfiles_WormGear\CAE013240_EPScv_Serwolf\model\V1_v07\b2_28mm\ElPl_a140p1mm_70Nm\FEM_Medina.zip
\\Bosch.com\DFsRB\DIV\VM\Engineering\EPS\CAE\ICN\scratch\MATFILES_WG_Alessio\100_DB_Matfiles_WormGear\CAE016331_MY23_i25_3threads_i24p5\model\i24p5\FurtherImprovements\12_V1_T80_M125\Ergebnisse_TXT.zip
\\Bosch.com\DFsRB\DIV\VM\Engineering\EPS\CAE\ICN\scratch\MATFILES_WG_Alessio\100_DB_Matfiles_WormGear\CAE016331_MY23_i25_3threads_i24p5\model\i24p5\FurtherImprovements\12_V1_T80_M125\FEM_Medina.zip
\\Bosch.com\DFsRB\DIV\VM\Engineering\EPS\CAE\ICN\scratch\MATFILES_WG_Alessio\100_DB_Matfiles_WormGear\CAE016331_MY23_i25_3threads_i24p5\model\i24p5\FurtherImprovements\20_V1b_T23_M125\Ergebnisse_TXT.zip
\\Bosch.com\DFsRB\DIV\VM\Engineering\EPS\CAE\ICN\scratch\MATFILES_WG_Alessio\100_DB_Matfiles_WormGear\CAE016331_MY23_i25_3threads_i24p5\model\i24p5\FurtherImprovements\20_V1b_T23_M125\FEM_Medina.zip
\\Bosch.com\DFsRB\DIV\VM\Engineering\EPS\CAE\ICN\scratch\MATFILES_WG_Alessio\100_DB_Matfiles_WormGear\CAE016331_MY23_i25_3threads_i24p5\model\i24p5\FurtherImprovements\21_V1b_T80_M125\Ergebnisse_TXT.zip
\\Bosch.com\DFsRB\DIV\VM\Engineering\EPS\CAE\ICN\scratch\MATFILES_WG_Alessio\100_DB_Matfiles_WormGear\CAE016331_MY23_i25_3threads_i24p5\model\i24p5\FurtherImprovements\21_V1b_T80_M125\FEM_Medina.zip
\\Bosch.com\DFsRB\DIV\VM\Engineering\EPS\CAE\ICN\scratch\MATFILES_WG_Alessio\100_DB_Matfiles_WormGear\CAE016331_MY23_i25_3threads_i24p5\model\i24p5\FurtherImprovements\14_V2_T80_M125\Ergebnisse_TXT.zip
\\Bosch.com\DFsRB\DIV\VM\Engineering\EPS\CAE\ICN\scratch\MATFILES_WG_Alessio\100_DB_Matfiles_WormGear\CAE016331_MY23_i25_3threads_i24p5\model\i24p5\FurtherImprovements\14_V2_T80_M125\FEM_Medina.zip
\\Bosch.com\DFsRB\DIV\VM\Engineering\EPS\CAE\ICN\scratch\MATFILES_WG_Alessio\100_DB_Matfiles_WormGear\CAE016331_MY23_i25_3threads_i24p5\model\i24p5\Loop3\T80_M-125\Ergebnisse_TXT.zip
\\Bosch.com\DFsRB\DIV\VM\Engineering\EPS\CAE\ICN\scratch\MATFILES_WG_Alessio\100_DB_Matfiles_WormGear\CAE016331_MY23_i25_3threads_i24p5\model\i24p5\Loop3\T80_M-125\FEM_Medina.zip
\\Bosch.com\DFsRB\DIV\VM\Engineering\EPS\CAE\ICN\scratch\MATFILES_WG_Alessio\100_DB_Matfiles_WormGear\CAE016331_MY23_i25_3threads_i24p5\model\i24p5\Loop3\T23_M-125\Ergebnisse_TXT.zip
\\Bosch.com\DFsRB\DIV\VM\Engineering\EPS\CAE\ICN\scratch\MATFILES_WG_Alessio\100_DB_Matfiles_WormGear\CAE016331_MY23_i25_3threads_i24p5\model\i24p5\Loop3\T23_M-125\FEM_Medina.zip
\\Bosch.com\DFsRB\DIV\VM\Engineering\EPS\CAE\ICN\scratch\MATFILES_WG_Alessio\100_DB_Matfiles_WormGear\CAE016331_MY23_i25_3threads_i24p5\model\i24p5\Loop1\i24p5_T80_M125\Ergebnisse_TXT.zip
\\Bosch.com\DFsRB\DIV\VM\Engineering\EPS\CAE\ICN\scratch\MATFILES_WG_Alessio\100_DB_Matfiles_WormGear\CAE016331_MY23_i25_3threads_i24p5\model\i24p5\Loop1\i24p5_T80_M125\FEM_Medina.zip
\\Bosch.com\DFsRB\DIV\VM\Engineering\EPS\CAE\ICN\scratch\MATFILES_WG_Alessio\100_DB_Matfiles_WormGear\CAE016331_MY23_i25_3threads_i24p5\model\i24p5\FurtherImprovements\22_V1b_T80_M-125\Ergebnisse_TXT.zip
\\Bosch.com\DFsRB\DIV\VM\Engineering\EPS\CAE\ICN\scratch\MATFILES_WG_Alessio\100_DB_Matfiles_WormGear\CAE016331_MY23_i25_3threads_i24p5\model\i24p5\FurtherImprovements\22_V1b_T80_M-125\FEM_Medina.zip
\\Bosch.com\DFsRB\DIV\VM\Engineering\EPS\CAE\ICN\scratch\MATFILES_WG_Alessio\100_DB_Matfiles_WormGear\CAE016331_MY23_i25_3threads_i24p5\model\i24p5\Loop1\i24p5_T80_M125_neg\Ergebnisse_TXT.zip
\\Bosch.com\DFsRB\DIV\VM\Engineering\EPS\CAE\ICN\scratch\MATFILES_WG_Alessio\100_DB_Matfiles_WormGear\CAE016331_MY23_i25_3threads_i24p5\model\i24p5\Loop1\i24p5_T80_M125_neg\FEM_Medina.zip
\\Bosch.com\DFsRB\DIV\VM\Engineering\EPS\CAE\ICN\scratch\MATFILES_WG_Alessio\100_DB_Matfiles_WormGear\CAE016331_MY23_i25_3threads_i24p5\model\i24p5\Loop2\Quad_T80_Zytel51EFB_M-125_Finer\Ergebnisse_TXT.zip
\\Bosch.com\DFsRB\DIV\VM\Engineering\EPS\CAE\ICN\scratch\MATFILES_WG_Alessio\100_DB_Matfiles_WormGear\CAE016331_MY23_i25_3threads_i24p5\model\i24p5\Loop2\Quad_T80_Zytel51EFB_M-125_Finer\FEM_Medina.zip
\\Bosch.com\DFsRB\DIV\VM\Engineering\EPS\CAE\ICN\scratch\MATFILES_WG_Alessio\100_DB_Matfiles_WormGear\CAE016331_MY23_i25_3threads_i24p5\model\i24p5\Loop2\T23_Zytel51EFB_M-125\Ergebnisse_TXT.zip
\\Bosch.com\DFsRB\DIV\VM\Engineering\EPS\CAE\ICN\scratch\MATFILES_WG_Alessio\100_DB_Matfiles_WormGear\CAE016331_MY23_i25_3threads_i24p5\model\i24p5\Loop2\T23_Zytel51EFB_M-125\FEM_Medina.zip
\\Bosch.com\DFsRB\DIV\VM\Engineering\EPS\CAE\ICN\scratch\MATFILES_WG_Alessio\100_DB_Matfiles_WormGear\CAE016331_MY23_i25_3threads_i24p5\model\i24p5\Loop2\T80_Zytel51EFB_M-125\Ergebnisse_TXT.zip
\\Bosch.com\DFsRB\DIV\VM\Engineering\EPS\CAE\ICN\scratch\MATFILES_WG_Alessio\100_DB_Matfiles_WormGear\CAE016331_MY23_i25_3threads_i24p5\model\i24p5\Loop2\T80_Zytel51EFB_M-125\FEM_Medina.zip
\\Bosch.com\DFsRB\DIV\VM\Engineering\EPS\CAE\ICN\scratch\MATFILES_WG_Alessio\100_DB_Matfiles_WormGear\CAE016331_MY23_i25_3threads_i24p5\model\i24p5\Loop2\Quad_T80_Zytel51EFB_M-125\Ergebnisse_TXT.zip
\\Bosch.com\DFsRB\DIV\VM\Engineering\EPS\CAE\ICN\scratch\MATFILES_WG_Alessio\100_DB_Matfiles_WormGear\CAE016331_MY23_i25_3threads_i24p5\model\i24p5\Loop2\Quad_T80_Zytel51EFB_M-125\FEM_Medina.zip
\\Bosch.com\DFsRB\DIV\VM\Engineering\EPS\CAE\ICN\scratch\MATFILES_WG_Alessio\100_DB_Matfiles_WormGear\CAE016331_MY23_i25_3threads_i24p5\model\i24p5\Loop2\T23_IMSamid3_M-125\Ergebnisse_TXT.zip
\\Bosch.com\DFsRB\DIV\VM\Engineering\EPS\CAE\ICN\scratch\MATFILES_WG_Alessio\100_DB_Matfiles_WormGear\CAE016331_MY23_i25_3threads_i24p5\model\i24p5\Loop2\T23_IMSamid3_M-125\FEM_Medina.zip
\\Bosch.com\DFsRB\DIV\VM\Engineering\EPS\CAE\ICN\scratch\MATFILES_WG_Alessio\100_DB_Matfiles_WormGear\CAE016328_Method_SN_Zytel\model\11_P911_01_02\FEM_WORM_GEAR\01_Cond_T23_M100\Ergebnisse_TXT.zip
\\Bosch.com\DFsRB\DIV\VM\Engineering\EPS\CAE\ICN\scratch\MATFILES_WG_Alessio\100_DB_Matfiles_WormGear\CAE016328_Method_SN_Zytel\model\11_P911_01_02\FEM_WORM_GEAR\01_Cond_T23_M100\FEM_Medina.zip
\\Bosch.com\DFsRB\DIV\VM\Engineering\EPS\CAE\ICN\scratch\MATFILES_WG_Alessio\100_DB_Matfiles_WormGear\CAE016328_Method_SN_Zytel\model\11_P911_01_02\FEM_WORM_GEAR\02_Cond_T23_M125\Ergebnisse_TXT.zip
\\Bosch.com\DFsRB\DIV\VM\Engineering\EPS\CAE\ICN\scratch\MATFILES_WG_Alessio\100_DB_Matfiles_WormGear\CAE016328_Method_SN_Zytel\model\11_P911_01_02\FEM_WORM_GEAR\02_Cond_T23_M125\FEM_Medina.zip
\\Bosch.com\DFsRB\DIV\VM\Engineering\EPS\CAE\ICN\scratch\MATFILES_WG_Alessio\100_DB_Matfiles_WormGear\CAE016331_MY23_i25_3threads_i24p5\model\i24p5\Loop2\T80_IMSamid3_M-125\Ergebnisse_TXT.zip
\\Bosch.com\DFsRB\DIV\VM\Engineering\EPS\CAE\ICN\scratch\MATFILES_WG_Alessio\100_DB_Matfiles_WormGear\CAE016331_MY23_i25_3threads_i24p5\model\i24p5\Loop2\T80_IMSamid3_M-125\FEM_Medina.zip
\\Bosch.com\DFsRB\DIV\VM\Engineering\EPS\CAE\ICN\scratch\MATFILES_WG_Alessio\100_DB_Matfiles_WormGear\CAE016328_Method_SN_Zytel\model\11_P911_01_02\FEM_WORM_GEAR\03_Cond_T23_M140\Ergebnisse_TXT.zip
\\Bosch.com\DFsRB\DIV\VM\Engineering\EPS\CAE\ICN\scratch\MATFILES_WG_Alessio\100_DB_Matfiles_WormGear\CAE016328_Method_SN_Zytel\model\11_P911_01_02\FEM_WORM_GEAR\03_Cond_T23_M140\FEM_Medina.zip
\\Bosch.com\DFsRB\DIV\VM\Engineering\EPS\CAE\ICN\scratch\MATFILES_WG_Alessio\100_DB_Matfiles_WormGear\CAE016328_Method_SN_Zytel\model\11_P911_01_02\FEM_WORM_GEAR\21_Cond_T23_LinEl_M100\Ergebnisse_TXT.zip
\\Bosch.com\DFsRB\DIV\VM\Engineering\EPS\CAE\ICN\scratch\MATFILES_WG_Alessio\100_DB_Matfiles_WormGear\CAE016328_Method_SN_Zytel\model\11_P911_01_02\FEM_WORM_GEAR\21_Cond_T23_LinEl_M100\FEM_Medina.zip
\\Bosch.com\DFsRB\DIV\VM\Engineering\EPS\CAE\ICN\scratch\MATFILES_WG_Alessio\100_DB_Matfiles_WormGear\CAE016328_Method_SN_Zytel\model\11_P911_01_02\FEM_WORM_GEAR\22_Cond_T23_LinEl_M125\Ergebnisse_TXT.zip
\\Bosch.com\DFsRB\DIV\VM\Engineering\EPS\CAE\ICN\scratch\MATFILES_WG_Alessio\100_DB_Matfiles_WormGear\CAE016328_Method_SN_Zytel\model\10_Zytel_Basis\WORM_GEAR\22_i25_Zytel_LinEl_T23_M125\Ergebnisse_TXT.zip
\\Bosch.com\DFsRB\DIV\VM\Engineering\EPS\CAE\ICN\scratch\MATFILES_WG_Alessio\100_DB_Matfiles_WormGear\CAE016328_Method_SN_Zytel\model\10_Zytel_Basis\WORM_GEAR\22_i25_Zytel_LinEl_T23_M125\FEM_Medina.zip
\\Bosch.com\DFsRB\DIV\VM\Engineering\EPS\CAE\ICN\scratch\MATFILES_WG_Alessio\100_DB_Matfiles_WormGear\CAE016328_Method_SN_Zytel\model\10_Zytel_Basis\WORM_GEAR\11_i25_Zytel_T80_M125_Recalc\Ergebnisse_TXT.zip
\\Bosch.com\DFsRB\DIV\VM\Engineering\EPS\CAE\ICN\scratch\MATFILES_WG_Alessio\100_DB_Matfiles_WormGear\CAE016328_Method_SN_Zytel\model\10_Zytel_Basis\WORM_GEAR\11_i25_Zytel_T80_M125_Recalc\FEM_Medina.zip
\\Bosch.com\DFsRB\DIV\VM\Engineering\EPS\CAE\ICN\scratch\MATFILES_WG_Alessio\100_DB_Matfiles_WormGear\CAE016328_Method_SN_Zytel\model\10_Zytel_Basis\WORM_GEAR\11b_i25_Zytel_T80_M-125_Recalc\Ergebnisse_TXT.zip
\\Bosch.com\DFsRB\DIV\VM\Engineering\EPS\CAE\ICN\scratch\MATFILES_WG_Alessio\100_DB_Matfiles_WormGear\CAE016328_Method_SN_Zytel\model\10_Zytel_Basis\WORM_GEAR\11b_i25_Zytel_T80_M-125_Recalc\FEM_Medina.zip
\\Bosch.com\DFsRB\DIV\VM\Engineering\EPS\CAE\ICN\scratch\MATFILES_WG_Alessio\100_DB_Matfiles_WormGear\CAE016328_Method_SN_Zytel\model\10_Zytel_Basis\WORM_GEAR\21_i25_Zytel_LinEl_T23_M100\Ergebnisse_TXT.zip
\\Bosch.com\DFsRB\DIV\VM\Engineering\EPS\CAE\ICN\scratch\MATFILES_WG_Alessio\100_DB_Matfiles_WormGear\CAE016328_Method_SN_Zytel\model\10_Zytel_Basis\WORM_GEAR\21_i25_Zytel_LinEl_T23_M100\FEM_Medina.zip
\\Bosch.com\DFsRB\DIV\VM\Engineering\EPS\CAE\ICN\scratch\MATFILES_WG_Alessio\100_DB_Matfiles_WormGear\CAE016328_Method_SN_Zytel\model\10_Zytel_Basis\WORM_GEAR\23_i25_Zytel_LinEl_T23_M140\Ergebnisse_TXT.zip
\\Bosch.com\DFsRB\DIV\VM\Engineering\EPS\CAE\ICN\scratch\MATFILES_WG_Alessio\100_DB_Matfiles_WormGear\CAE016328_Method_SN_Zytel\model\10_Zytel_Basis\WORM_GEAR\23_i25_Zytel_LinEl_T23_M140\FEM_Medina.zip
\\Bosch.com\DFsRB\DIV\VM\Engineering\EPS\CAE\ICN\scratch\MATFILES_WG_Alessio\100_DB_Matfiles_WormGear\CAE016328_Method_SN_Zytel\model\10_Zytel_Basis\WORM_GEAR\32_i25_Zytel_LinEl_T80_M125\Ergebnisse_TXT.zip
\\Bosch.com\DFsRB\DIV\VM\Engineering\EPS\CAE\ICN\scratch\MATFILES_WG_Alessio\100_DB_Matfiles_WormGear\CAE016328_Method_SN_Zytel\model\10_Zytel_Basis\WORM_GEAR\32_i25_Zytel_LinEl_T80_M125\FEM_Medina.zip
\\Bosch.com\DFsRB\DIV\VM\Engineering\EPS\CAE\ICN\scratch\MATFILES_WG_Alessio\100_DB_Matfiles_WormGear\CAE016328_Method_SN_Zytel\model\10_Zytel_Basis\WORM_GEAR\33_i25_Zytel_LinEl_T80_M140\Ergebnisse_TXT.zip
\\Bosch.com\DFsRB\DIV\VM\Engineering\EPS\CAE\ICN\scratch\MATFILES_WG_Alessio\100_DB_Matfiles_WormGear\CAE016328_Method_SN_Zytel\model\10_Zytel_Basis\WORM_GEAR\33_i25_Zytel_LinEl_T80_M140\FEM_Medina.zip
\\Bosch.com\DFsRB\DIV\VM\Engineering\EPS\CAE\ICN\scratch\MATFILES_WG_Alessio\100_DB_Matfiles_WormGear\CAE016328_Method_SN_Zytel\model\10_Zytel_Basis\WORM_GEAR\T80_100Nm\Ergebnisse_TXT.zip
\\Bosch.com\DFsRB\DIV\VM\Engineering\EPS\CAE\ICN\scratch\MATFILES_WG_Alessio\100_DB_Matfiles_WormGear\CAE016328_Method_SN_Zytel\model\10_Zytel_Basis\WORM_GEAR\T80_100Nm\FEM_Medina.zip
\\Bosch.com\DFsRB\DIV\VM\Engineering\EPS\CAE\ICN\scratch\MATFILES_WG_Alessio\100_DB_Matfiles_WormGear\CAE016328_Method_SN_Zytel\model\10_Zytel_Basis\WORM_GEAR\31_i25_Zytel_LinEl_T80_M100\Ergebnisse_TXT.zip
\\Bosch.com\DFsRB\DIV\VM\Engineering\EPS\CAE\ICN\scratch\MATFILES_WG_Alessio\100_DB_Matfiles_WormGear\CAE016328_Method_SN_Zytel\model\10_Zytel_Basis\WORM_GEAR\31_i25_Zytel_LinEl_T80_M100\FEM_Medina.zip
\\Bosch.com\DFsRB\DIV\VM\Engineering\EPS\CAE\ICN\scratch\MATFILES_WG_Alessio\100_DB_Matfiles_WormGear\CAE016328_Method_SN_Zytel\model\10_Zytel_Basis\WORM_GEAR\T23_140Nm\Ergebnisse_TXT.zip
\\Bosch.com\DFsRB\DIV\VM\Engineering\EPS\CAE\ICN\scratch\MATFILES_WG_Alessio\100_DB_Matfiles_WormGear\CAE016328_Method_SN_Zytel\model\10_Zytel_Basis\WORM_GEAR\T23_140Nm\FEM_Medina.zip
\\Bosch.com\DFsRB\DIV\VM\Engineering\EPS\CAE\ICN\scratch\MATFILES_WG_Alessio\100_DB_Matfiles_WormGear\CAE016328_Method_SN_Zytel\model\10_Zytel_Basis\WORM_GEAR\T23_100Nm\Ergebnisse_TXT.zip
\\Bosch.com\DFsRB\DIV\VM\Engineering\EPS\CAE\ICN\scratch\MATFILES_WG_Alessio\100_DB_Matfiles_WormGear\CAE016328_Method_SN_Zytel\model\10_Zytel_Basis\WORM_GEAR\T23_100Nm\FEM_Medina.zip
\\Bosch.com\DFsRB\DIV\VM\Engineering\EPS\CAE\ICN\scratch\MATFILES_WG_Alessio\100_DB_Matfiles_WormGear\CAE016328_Method_SN_Zytel\model\10_Zytel_Basis\WORM_GEAR\T80_125Nm\Ergebnisse_TXT.zip
\\Bosch.com\DFsRB\DIV\VM\Engineering\EPS\CAE\ICN\scratch\MATFILES_WG_Alessio\100_DB_Matfiles_WormGear\CAE016328_Method_SN_Zytel\model\10_Zytel_Basis\WORM_GEAR\T80_125Nm\FEM_Medina.zip
\\Bosch.com\DFsRB\DIV\VM\Engineering\EPS\CAE\ICN\scratch\MATFILES_WG_Alessio\100_DB_Matfiles_WormGear\CAE016328_Method_SN_Zytel\model\10_Zytel_Basis\WORM_GEAR\T23_125Nm\Ergebnisse_TXT.zip
\\Bosch.com\DFsRB\DIV\VM\Engineering\EPS\CAE\ICN\scratch\MATFILES_WG_Alessio\100_DB_Matfiles_WormGear\CAE016328_Method_SN_Zytel\model\10_Zytel_Basis\WORM_GEAR\T23_125Nm\FEM_Medina.zip
\\Bosch.com\DFsRB\DIV\VM\Engineering\EPS\CAE\ICN\scratch\MATFILES_WG_Alessio\100_DB_Matfiles_WormGear\CAE016328_Method_SN_Zytel\model\10_Zytel_Basis\WORM_GEAR\T80_140Nm\Ergebnisse_TXT.zip
\\Bosch.com\DFsRB\DIV\VM\Engineering\EPS\CAE\ICN\scratch\MATFILES_WG_Alessio\100_DB_Matfiles_WormGear\CAE016328_Method_SN_Zytel\model\10_Zytel_Basis\WORM_GEAR\T80_140Nm\FEM_Medina.zip

CAE-Projekte mit gefundener JSON:
CAE009771
CAE012802
CAE013240
CAE014105
CAE015338
CAE016042
CAE016328
CAE016331
CAE016440
CAE016449
CAE016732
CAE017160
CAE017195
CAE017285
CAE017494
CAE018147
CAE019016
CAE019124
CAE019181
CAE019468
CAE019526
CAE019713
CAE019714
CAE019829
CAE020150
CAE020790
CAE020991
CAE021121
CAE021228
CAE021479
CAE022140
CAE022613
CAE022763
CAE023084
CAE023158
CAE023682
CAE023936
CAE023956
CAE024074
CAE024092
CAE024281
CAE024341
CAE024557
CAE024717
CAE024748
CAE024760
CAE025036
CAE025080
CAE025096
CAE025402
CAE025421
CAE025463
CAE025594
CAE025663
CAE025716
CAE025866
CAE025964
CAE025976
CAE025977

CAE-Projekte ohne gefundene JSON:
CAE010522
CAE011918
Varianten mit JSON: 465 | CAE-Projekte gesamt: 61 | CAE-Projekte mit JSON: 59 | CAE-Projekte ohne JSON: 2 | Dauer: 222.21s | JSON: C:\code\repositories\simulab-cli\use-case_fea-worm-gear\data\check_data.json | LOG: C:\code\repositories\simulab-cli\use-case_fea-worm-gear\data\check_data.log
